,Attrition,Age,DistanceFromHome,MonthlyIncome,NumCompaniesWorked,PercentSalaryHike,TotalWorkingYears,TrainingTimesLastYear,YearsAtCompany,YearsSinceLastPromotion,YearsWithCurrManager,PerformanceRating,JobInvolvement,EnvironmentSatisfaction,JobSatisfaction,WorkLifeBalance,NumCompaniesWorked_Missing,TotalWorkngYears_Missing,EnvironmentSatisfaction_Missing,JobSatisfaction_Missing,WorkLifeBalance_Missing,Age_Bin,Gender_Male,JobRole_Human_Resources,JobRole_Laboratory_Technician,JobRole_Manager,JobRole_Manufacturing_Director,JobRole_Research_Director,JobRole_Research_Scientist,JobRole_Sales_Executive,JobRole_Sales_Representative,BusinessTravel_Travel_Frequently,BusinessTravel_Travel_Rarely,Education_2,Education_3,Education_4,Education_5,EducationField_Life_Sciences,EducationField_Marketing,EducationField_Medical,EducationField_Other,EducationField_Technical_Degree,JobLevel_2,JobLevel_3,JobLevel_4,JobLevel_5,MaritalStatus_Married,MaritalStatus_Single,Department_Research_Development,Department_Sales,StockOptionLevel_1,StockOptionLevel_2,StockOptionLevel_3
2601,0,42,14,132060,0.0,13,7.0,2,6,0,4,2,4,4.0,1.0,4.0,1,1,1,1,1,2,1,0,0,0,0,0,0,1,0,1,0,0,0,1,0,0,0,0,0,1,0,0,1,0,1,0,1,0,0,1,0
3999,1,41,28,26570,4.0,6,10.0,3,7,1,0,3,3,4.0,3.0,3.0,1,1,1,1,1,2,0,0,0,0,0,0,0,1,0,0,1,0,1,0,0,1,0,0,0,0,1,0,0,0,0,0,1,0,0,0,0
2991,0,44,3,76320,1.0,21,10.0,3,10,7,7,4,2,4.0,4.0,3.0,1,1,1,1,1,2,1,0,1,0,0,0,0,0,0,0,1,0,0,1,0,1,0,0,0,0,0,0,0,1,1,0,0,0,0,0,0
716,0,29,8,24040,1.0,17,10.0,3,10,1,5,3,4,4.0,4.0,3.0,1,1,1,1,1,0,1,0,0,0,0,0,0,0,1,0,1,0,1,0,0,1,0,0,0,0,0,0,0,0,0,1,1,0,0,0,0
675,0,33,12,62010,2.0,15,14.0,2,0,0,0,3,4,4.0,2.0,4.0,1,1,1,1,1,1,0,0,0,0,0,0,0,1,0,0,1,0,0,1,0,1,0,0,0,0,0,0,0,0,0,1,1,0,0,0,1
2309,0,36,2,43200,3.0,17,5.0,2,1,0,0,3,3,3.0,3.0,4.0,1,1,1,1,1,1,1,0,0,0,0,0,0,0,1,0,1,0,1,0,0,1,0,0,0,0,1,0,0,0,1,0,1,0,0,0,0
4038,1,28,18,41970,1.0,9,1.0,3,1,0,0,3,3,3.0,4.0,1.0,1,1,1,1,1,0,1,0,0,0,0,0,0,1,0,0,1,0,0,1,0,1,0,0,0,0,1,0,0,0,1,0,1,0,0,0,0
2559,0,37,4,21440,6.0,19,17.0,3,5,0,3,3,2,3.0,4.0,4.0,1,1,1,1,1,1,1,0,0,0,0,0,1,0,0,0,1,0,1,0,0,1,0,0,0,0,0,0,1,0,1,0,1,0,0,0,0
4055,1,44,6,63220,4.0,4,10.0,2,3,1,2,3,2,4.0,3.0,3.0,1,1,1,1,1,2,1,0,1,0,0,0,0,0,0,0,1,0,1,0,0,1,0,0,0,0,0,0,0,0,1,0,0,1,1,0,0
295,0,34,6,23480,1.0,14,6.0,3,5,1,3,1,4,4.0,4.0,3.0,1,1,1,1,1,1,1,0,1,0,0,0,0,0,0,1,0,0,0,1,0,1,0,0,0,0,0,1,0,0,0,1,1,0,1,0,0
3763,1,39,12,66960,7.0,7,8.0,3,2,2,2,3,3,4.0,2.0,1.0,1,1,1,1,1,1,0,1,0,0,0,0,0,0,0,0,1,0,0,1,0,1,0,0,0,0,0,0,1,0,1,0,1,0,0,0,0
622,0,54,1,22970,6.0,18,29.0,2,20,12,7,3,3,3.0,2.0,4.0,1,1,1,1,1,3,0,0,0,1,0,0,0,0,0,0,1,0,1,0,0,0,0,1,0,0,1,0,0,0,0,1,0,1,0,1,0
1149,0,34,19,164130,6.0,16,6.0,1,4,1,2,3,2,2.0,4.0,4.0,1,1,1,1,1,1,1,0,0,0,1,0,0,0,0,1,0,0,0,1,0,0,1,0,0,0,1,0,0,0,1,0,0,1,0,0,0
2310,0,31,22,21320,1.0,18,11.0,3,11,1,8,3,3,4.0,4.0,4.0,1,1,1,1,1,1,0,0,0,0,0,1,0,0,0,0,1,0,1,0,0,0,0,1,0,0,1,0,0,0,0,1,1,0,0,0,0
1673,0,27,9,99850,1.0,14,3.0,3,3,1,2,3,2,2.0,4.0,4.0,1,1,1,1,1,0,0,0,1,0,0,0,0,0,0,0,0,0,1,0,0,0,0,0,0,1,1,0,0,0,1,0,0,1,1,0,0
3407,0,29,2,20960,0.0,17,6.0,2,5,0,2,4,2,3.0,4.0,1.0,1,1,1,1,1,0,1,0,1,0,0,0,0,0,0,0,1,0,0,1,0,0,0,0,1,0,1,0,0,0,1,0,1,0,0,0,0
3451,0,52,2,46140,2.0,15,16.0,3,9,0,0,3,2,1.0,4.0,4.0,1,1,1,1,1,3,1,0,0,1,0,0,0,0,0,0,0,0,0,1,0,0,0,0,1,0,0,0,0,0,0,0,1,0,1,0,0
1051,0,34,6,86200,0.0,13,10.0,2,9,8,7,3,2,3.0,4.0,2.0,1,1,1,1,1,1,0,0,0,0,0,0,1,0,0,0,0,1,0,0,0,0,0,0,0,1,0,0,0,0,0,1,1,0,1,0,0
4159,1,19,10,159720,1.0,20,1.0,2,1,1,0,3,2,4.0,3.0,2.0,1,1,1,1,1,0,1,0,0,0,0,0,0,1,0,0,1,1,0,0,0,1,0,0,0,0,1,0,0,0,0,1,1,0,0,0,0
1946,0,38,11,41710,0.0,23,10.0,4,9,7,7,4,3,3.0,3.0,4.0,1,1,1,1,1,1,0,0,0,0,0,0,0,1,0,0,1,1,0,0,0,0,1,0,0,0,0,0,0,0,1,0,0,1,0,0,0
2946,0,35,4,57150,6.0,24,10.0,0,8,1,7,4,3,1.0,4.0,4.0,1,1,1,1,1,1,1,0,0,0,0,0,0,0,0,0,1,0,1,0,0,0,0,1,0,0,0,0,0,0,1,0,1,0,0,1,0
2694,0,32,2,30380,1.0,11,10.0,5,10,0,8,3,4,2.0,3.0,4.0,1,1,1,1,1,1,1,0,0,0,0,0,1,0,0,0,1,0,1,0,0,1,0,0,0,0,0,0,0,1,0,1,1,0,0,0,0
4280,1,24,34,28860,1.0,15,1.0,5,1,0,0,1,2,2.0,3.0,3.0,1,1,1,1,1,0,1,0,0,0,1,0,0,0,0,0,1,0,0,1,0,0,0,0,0,0,0,1,0,0,1,0,0,0,1,0,0
4348,1,31,2,21680,0.0,8,2.0,2,1,0,0,3,3,1.0,2.0,1.0,1,1,1,1,1,1,1,0,1,0,0,0,0,0,0,0,1,0,1,0,0,1,0,0,0,0,0,1,0,0,1,0,1,0,1,0,0
711,0,34,2,65860,9.0,18,9.0,3,2,2,1,3,3,4.0,4.0,4.0,1,1,1,1,1,1,1,0,0,0,0,0,1,0,0,0,1,1,0,0,0,1,0,0,0,0,1,0,0,0,1,0,1,0,1,0,0
3223,0,48,8,22700,2.0,14,23.0,2,2,2,2,3,4,2.0,4.0,2.0,1,1,1,1,1,2,0,0,0,1,0,0,0,0,0,1,0,0,0,1,0,0,1,0,0,0,0,1,0,0,1,0,0,1,0,0,1
1657,0,50,4,118780,2.0,13,29.0,2,8,7,7,3,4,1.0,3.0,4.0,1,1,1,1,1,2,1,0,0,0,0,0,0,1,0,0,1,0,0,1,0,1,0,0,0,0,0,0,0,0,1,0,1,0,1,0,0
3156,0,45,2,35800,4.0,20,8.0,1,5,0,3,4,3,2.0,4.0,4.0,1,1,1,1,1,2,1,0,1,0,0,0,0,0,0,0,1,0,1,0,0,1,0,0,0,0,0,1,0,0,1,0,0,1,1,0,0
1023,0,36,6,92040,6.0,23,17.0,2,7,7,7,4,3,4.0,4.0,4.0,1,1,1,1,1,1,1,0,0,0,0,0,0,1,0,0,1,0,1,0,0,1,0,0,0,0,0,0,0,0,1,0,1,0,1,0,0
63,0,27,2,168230,0.0,17,6.0,3,5,1,4,3,4,4.0,4.0,3.0,1,1,1,1,1,0,1,0,0,0,0,1,0,0,0,0,0,0,1,0,0,1,0,0,0,0,0,0,0,0,1,0,1,0,0,0,0
2493,0,49,1,35910,9.0,13,22.0,2,3,1,2,3,3,4.0,3.0,4.0,1,1,1,1,1,2,0,0,0,0,0,0,1,0,0,1,0,0,0,0,0,0,0,1,0,0,1,0,0,0,0,1,1,0,0,0,0
3845,1,53,23,25590,0.0,20,34.0,2,33,1,9,4,3,1.0,3.0,2.0,1,1,1,1,1,3,1,0,0,1,0,0,0,0,0,0,1,0,1,0,0,1,0,0,0,0,1,0,0,0,1,0,1,0,0,0,0
4138,1,39,1,36730,3.0,13,19.0,3,1,0,0,3,2,3.0,4.0,2.0,1,1,1,1,1,1,1,0,0,0,0,0,0,1,0,0,1,0,0,1,0,0,0,1,0,0,0,0,0,0,1,0,0,0,1,0,0
1372,0,30,12,23800,4.0,18,9.0,2,5,1,4,3,4,3.0,4.0,3.0,1,1,1,1,1,0,0,0,0,0,0,0,0,1,0,0,0,0,1,0,0,0,0,1,0,0,1,0,0,0,1,0,1,0,0,0,1
1547,0,37,19,42570,4.0,15,9.0,2,1,0,0,3,3,2.0,4.0,4.0,1,1,1,1,1,1,0,0,1,0,0,0,0,0,0,0,1,1,0,0,0,1,0,0,0,0,0,0,1,0,0,0,0,1,0,0,0
4132,1,41,8,20990,8.0,8,8.0,2,6,0,5,1,2,2.0,3.0,2.0,1,1,1,1,1,2,0,0,0,0,0,0,1,0,0,0,1,1,0,0,0,1,0,0,0,0,0,0,0,0,0,1,1,0,1,0,0
2512,0,45,2,35400,1.0,13,24.0,6,24,9,11,3,3,3.0,4.0,3.0,1,1,1,1,1,2,0,0,0,0,0,0,0,1,0,1,0,0,0,0,0,0,0,1,0,0,0,0,0,0,0,0,1,0,0,0,0
2426,0,46,20,34330,7.0,18,17.0,3,4,0,3,3,4,4.0,4.0,3.0,1,1,1,1,1,2,1,0,0,0,0,0,1,0,0,0,1,0,0,0,0,0,0,1,0,0,0,0,0,1,0,0,1,0,0,0,0
2402,0,34,7,53680,2.0,14,9.0,2,3,1,2,3,4,4.0,3.0,1.0,1,1,1,1,1,1,0,0,0,1,0,0,0,0,0,0,1,0,1,0,0,0,1,0,0,0,1,0,0,0,0,1,0,1,1,0,0
792,0,55,18,23420,5.0,11,8.0,2,4,1,2,3,4,1.0,4.0,3.0,1,1,1,1,1,3,1,0,1,0,0,0,0,0,0,0,1,0,0,0,0,1,0,0,0,0,0,0,0,1,0,0,1,0,0,1,0
3309,0,53,8,20700,4.0,16,27.0,2,3,0,2,3,3,3.0,4.0,3.0,1,1,1,1,1,3,1,0,0,0,0,0,0,0,0,0,0,0,0,1,0,0,0,1,0,0,1,0,0,0,1,0,1,0,0,1,0
2709,0,47,22,54410,9.0,22,28.0,6,22,11,13,4,3,3.0,3.0,3.0,1,1,1,1,1,2,1,0,0,0,0,0,1,0,0,1,0,0,1,0,0,1,0,0,0,0,0,0,0,0,0,0,1,0,1,0,0
19,0,53,9,21480,3.0,11,21.0,2,5,1,3,2,4,1.0,2.0,2.0,1,1,1,1,1,3,0,0,0,0,0,0,1,0,0,0,1,0,0,1,0,1,0,0,0,0,1,0,0,0,1,0,1,0,0,0,0
3024,0,28,2,21270,1.0,14,2.0,3,2,2,2,3,4,3.0,4.0,3.0,1,1,1,1,1,0,0,0,0,0,0,0,0,0,1,1,0,0,1,0,0,1,0,0,0,0,1,0,0,0,1,0,1,0,0,0,0
1712,0,42,1,30340,7.0,21,9.0,3,6,1,5,4,4,2.0,4.0,3.0,1,1,1,1,1,2,1,0,1,0,0,0,0,0,0,0,1,1,0,0,0,1,0,0,0,0,0,0,1,0,0,1,1,0,1,0,0
4011,1,35,29,20700,1.0,4,5.0,1,4,0,2,2,2,4.0,2.0,2.0,1,1,1,1,1,1,1,0,0,0,0,0,0,0,0,0,1,0,1,0,0,0,0,1,0,0,0,1,0,0,0,0,0,1,0,0,1
1011,0,36,4,13590,4.0,12,17.0,2,5,0,3,3,4,2.0,4.0,2.0,1,1,1,1,1,1,1,0,0,0,0,0,0,1,0,1,0,0,0,0,0,0,0,0,0,1,0,0,0,0,1,0,1,0,0,0,0
3638,0,33,3,33060,1.0,17,8.0,6,8,1,6,3,4,4.0,2.0,3.0,1,1,1,1,1,1,1,1,0,0,0,0,0,0,0,0,1,0,1,0,0,1,0,0,0,0,0,0,0,0,1,0,1,0,0,0,1
1778,0,55,22,48590,1.0,24,34.0,3,33,15,0,4,4,3.0,3.0,3.0,1,1,1,1,1,3,0,0,0,1,0,0,0,0,0,0,0,0,1,0,0,1,0,0,0,0,1,0,0,0,0,0,1,0,1,0,0
2145,0,44,1,187110,2.0,12,10.0,0,2,2,2,3,3,4.0,3.0,2.0,1,1,1,1,1,2,1,0,0,1,0,0,0,0,0,0,1,1,0,0,0,0,0,1,0,0,0,0,1,0,1,0,0,1,1,0,0
2365,0,38,6,50420,3.0,16,19.0,4,3,2,2,3,2,2.0,3.0,3.0,1,1,1,1,1,1,0,0,0,0,0,1,0,0,0,0,1,0,0,1,0,1,0,0,0,0,1,0,0,0,0,1,1,0,1,0,0
1729,0,29,18,79690,0.0,14,6.0,3,5,1,3,3,3,4.0,3.0,4.0,1,1,1,1,1,0,1,0,0,0,0,0,0,1,0,0,1,0,1,0,0,0,0,1,0,0,0,0,0,0,1,0,1,0,0,0,0
37,0,28,7,46480,0.0,23,9.0,2,8,0,7,4,3,3.0,3.0,4.0,1,1,1,1,1,0,1,0,0,0,0,0,0,0,1,0,1,0,1,0,0,0,0,1,0,0,0,0,0,0,0,1,1,0,0,1,0
2518,0,27,12,39020,1.0,22,4.0,2,4,1,2,4,3,1.0,1.0,2.0,1,1,1,1,1,0,1,0,0,0,0,0,1,0,0,0,1,0,0,1,0,0,0,1,0,0,0,1,0,0,0,1,1,0,0,0,0
2201,0,31,8,61250,0.0,13,3.0,3,2,1,2,3,4,4.0,3.0,3.0,1,1,1,1,1,1,0,0,0,0,0,0,0,1,0,0,1,0,0,1,0,0,0,1,0,0,0,1,0,0,1,0,1,0,1,0,0
299,0,28,1,22310,1.0,12,8.0,3,8,7,5,3,3,4.0,2.0,3.0,1,1,1,1,1,0,0,0,0,0,0,0,0,1,0,0,1,1,0,0,0,0,0,0,0,1,0,0,0,0,1,0,0,1,0,0,0
4168,1,29,8,21800,1.0,19,4.0,2,4,0,1,3,3,1.0,4.0,1.0,1,1,1,1,1,0,0,0,0,0,0,0,1,0,0,0,1,0,0,0,0,1,0,0,0,0,0,0,0,0,0,1,1,0,0,0,0
1858,0,36,1,53090,3.0,13,15.0,5,5,0,1,3,2,1.0,4.0,4.0,1,1,1,1,1,1,1,0,0,0,0,0,0,1,0,0,1,0,1,0,0,0,0,1,0,0,1,0,0,0,0,1,1,0,0,0,0
2236,0,35,6,32290,1.0,25,10.0,2,10,0,2,4,4,2.0,3.0,3.0,1,1,1,1,1,1,1,0,0,0,1,0,0,0,0,1,0,1,0,0,0,1,0,0,0,0,1,0,0,0,1,0,0,1,0,0,0
465,0,35,7,104960,1.0,13,5.0,2,5,0,2,3,4,4.0,3.0,3.0,1,1,1,1,1,1,0,0,0,0,1,0,0,0,0,1,0,1,0,0,0,0,0,0,1,0,0,0,0,0,0,0,1,0,1,0,0
645,0,48,19,16010,4.0,12,15.0,3,2,2,2,3,3,3.0,4.0,3.0,1,1,1,1,1,2,1,0,0,0,0,0,1,0,0,0,1,0,1,0,0,0,0,0,0,1,1,0,0,0,0,0,1,0,0,0,0
3416,0,43,2,90940,1.0,14,10.0,0,10,0,9,3,4,3.0,3.0,3.0,1,1,1,1,1,2,1,0,0,0,0,0,1,0,0,0,1,0,1,0,0,0,0,1,0,0,0,0,0,0,1,0,1,0,1,0,0
3367,0,31,2,103770,1.0,14,10.0,2,10,0,2,3,3,3.0,3.0,4.0,1,1,1,1,1,1,0,0,0,1,0,0,0,0,0,0,1,0,0,1,0,1,0,0,0,0,0,0,0,1,0,0,1,0,0,0,0
1085,0,38,9,24300,7.0,13,17.0,2,13,1,9,3,2,4.0,2.0,3.0,1,1,1,1,1,1,1,0,1,0,0,0,0,0,0,0,0,0,0,0,0,0,1,0,0,0,1,0,0,0,0,0,0,1,0,1,0
1532,0,28,1,22310,1.0,12,8.0,3,8,7,5,3,4,4.0,3.0,4.0,1,1,1,1,1,0,0,0,0,0,0,0,0,1,0,0,1,1,0,0,0,0,0,0,0,1,0,0,0,0,1,0,0,1,0,0,0
4023,1,28,23,52380,1.0,7,10.0,4,10,1,9,3,2,2.0,4.0,3.0,1,1,1,1,1,0,0,0,1,0,0,0,0,0,0,0,0,0,0,1,0,1,0,0,0,0,0,0,1,0,0,1,1,0,1,0,0
68,0,29,6,25870,0.0,22,4.0,3,3,2,2,4,3,3.0,4.0,3.0,1,1,1,1,1,0,1,0,0,0,0,0,0,0,1,0,1,0,1,0,0,0,0,1,0,0,0,1,0,0,0,1,0,0,0,1,0
782,0,47,1,183030,6.0,22,29.0,2,3,1,2,4,3,4.0,2.0,4.0,1,1,1,1,1,2,1,0,1,0,0,0,0,0,0,0,1,0,0,1,0,0,0,1,0,0,0,1,0,0,0,0,1,0,1,0,0
1521,0,36,2,27200,4.0,14,8.0,3,5,0,4,3,2,3.0,4.0,3.0,1,1,1,1,1,1,1,0,0,0,0,0,0,0,0,0,1,0,1,0,0,1,0,0,0,0,1,0,0,0,1,0,1,0,1,0,0
116,0,34,22,56770,9.0,20,6.0,3,3,1,2,4,2,3.0,4.0,1.0,1,1,1,1,1,1,1,0,1,0,0,0,0,0,0,0,0,0,1,0,0,0,0,1,0,0,0,0,0,0,1,0,1,0,1,0,0
3222,0,44,2,34520,4.0,11,14.0,2,10,0,2,3,3,2.0,3.0,3.0,1,1,1,1,1,2,1,0,1,0,0,0,0,0,0,1,0,1,0,0,0,0,1,0,0,0,0,0,0,0,1,0,0,1,1,0,0
929,0,38,3,44440,1.0,13,20.0,2,20,0,7,3,3,4.0,4.0,3.0,1,1,1,1,1,1,0,0,0,1,0,0,0,0,0,1,0,1,0,0,0,0,0,1,0,0,0,0,0,0,0,0,1,0,0,0,0
2498,0,35,16,51540,0.0,19,12.0,2,11,6,9,3,3,3.0,3.0,4.0,1,1,1,1,1,1,1,0,1,0,0,0,0,0,0,0,1,1,0,0,0,1,0,0,0,0,0,0,0,0,1,0,0,1,0,0,0
3377,0,48,2,197400,3.0,12,24.0,2,22,4,7,3,3,2.0,4.0,3.0,1,1,1,1,1,2,1,0,0,0,0,1,0,0,0,1,0,0,1,0,0,1,0,0,0,0,1,0,0,0,0,0,1,0,0,0,0
3808,1,25,1,109320,1.0,10,1.0,3,1,1,0,1,1,3.0,3.0,2.0,1,1,1,1,1,0,1,0,0,0,1,0,0,0,0,1,0,0,0,0,0,1,0,0,0,0,0,0,0,0,0,1,1,0,1,0,0
2725,0,52,17,28890,1.0,11,34.0,2,34,1,16,3,3,4.0,3.0,3.0,1,1,1,1,1,3,1,0,0,1,0,0,0,0,0,0,1,0,0,0,1,0,0,0,0,1,0,1,0,0,1,0,0,1,1,0,0
785,0,20,1,47770,1.0,18,2.0,3,2,0,2,3,3,4.0,2.0,3.0,1,1,1,1,1,0,1,0,0,0,0,0,0,0,1,0,1,0,1,0,0,1,0,0,0,0,0,0,0,0,0,1,1,0,1,0,0
3386,0,45,6,29940,4.0,13,12.0,2,4,0,3,3,1,4.0,4.0,4.0,1,1,1,1,1,2,0,0,0,1,0,0,0,0,0,1,0,0,0,1,0,1,0,0,0,0,1,0,0,0,0,1,1,0,1,0,0
3516,0,30,1,20330,1.0,13,12.0,3,12,3,7,3,3,3.0,4.0,2.0,1,1,1,1,1,0,1,0,0,0,0,0,1,0,0,1,0,0,0,1,0,0,0,1,0,0,0,0,0,0,0,1,1,0,1,0,0
4331,1,24,7,20070,1.0,7,1.0,2,1,0,0,1,3,2.0,2.0,2.0,1,1,1,1,1,0,0,0,0,1,0,0,0,0,0,0,1,1,0,0,0,0,0,1,0,0,1,0,0,0,1,0,0,1,0,0,0
847,0,31,6,131200,1.0,12,13.0,6,12,5,7,3,3,2.0,3.0,4.0,1,1,1,1,1,1,1,0,0,0,0,0,0,1,0,0,1,0,0,0,1,1,0,0,0,0,0,0,0,1,1,0,1,0,0,1,0
141,0,30,2,51310,0.0,15,10.0,2,9,7,8,3,3,4.0,1.0,3.0,1,1,1,1,1,0,0,0,0,0,0,0,1,0,0,0,0,0,0,1,0,1,0,0,0,0,0,1,0,0,1,0,1,0,1,0,0
569,0,46,3,26190,6.0,12,10.0,3,7,5,7,3,4,4.0,4.0,3.0,1,1,1,1,1,2,1,0,0,0,0,0,1,0,0,0,1,0,1,0,0,0,0,1,0,0,0,0,0,0,0,1,0,1,1,0,0
360,0,40,1,192320,2.0,14,11.0,3,1,0,0,3,4,2.0,3.0,4.0,1,1,1,1,1,1,1,0,0,0,0,0,1,0,0,0,1,0,0,1,0,0,0,1,0,0,1,0,0,0,0,0,1,0,1,0,0
2107,0,28,1,44770,1.0,15,3.0,6,3,1,2,3,4,3.0,3.0,3.0,1,1,1,1,1,0,1,0,0,1,0,0,0,0,0,0,1,1,0,0,0,1,0,0,0,0,0,1,0,0,1,0,0,1,0,0,0
2646,0,38,4,154270,3.0,16,18.0,2,1,0,0,1,4,2.0,4.0,2.0,1,1,1,1,1,1,0,0,0,0,0,0,1,0,0,0,1,0,1,0,0,1,0,0,0,0,0,0,0,0,1,0,1,0,1,0,0
4252,1,26,25,135250,8.0,13,7.0,4,2,2,2,2,3,2.0,2.0,1.0,1,1,1,1,1,0,0,0,0,0,1,0,0,0,0,0,0,0,0,0,0,1,0,0,0,0,0,0,0,0,0,1,1,0,1,0,0
3313,0,31,6,131200,1.0,14,13.0,6,12,5,7,3,3,2.0,4.0,1.0,1,1,1,1,1,1,1,0,0,0,0,0,0,1,0,0,1,0,0,0,1,1,0,0,0,0,0,0,0,1,1,0,1,0,0,1,0
2239,0,29,1,42840,4.0,11,10.0,5,4,0,3,3,4,4.0,3.0,4.0,1,1,1,1,1,0,1,0,0,0,0,0,0,1,0,0,1,0,1,0,0,0,0,1,0,0,0,1,0,0,1,0,1,0,0,0,0
1380,0,46,3,67120,6.0,21,26.0,3,3,0,1,4,2,2.0,4.0,4.0,1,1,1,1,1,2,1,0,1,0,0,0,0,0,0,0,1,0,0,0,0,0,0,0,0,1,0,0,0,0,1,0,0,1,1,0,0
1021,0,30,9,171690,1.0,17,1.0,2,1,0,0,3,4,4.0,3.0,2.0,1,1,1,1,1,0,1,0,1,0,0,0,0,0,0,0,1,0,0,1,0,0,0,1,0,0,1,0,0,0,0,0,1,0,0,1,0
361,0,26,9,22670,1.0,19,7.0,2,7,0,7,3,2,2.0,3.0,3.0,1,1,1,1,1,0,1,0,0,0,0,0,0,0,0,1,0,0,1,0,0,0,1,0,0,0,1,0,0,0,0,1,0,1,0,0,1
1161,0,36,20,55050,4.0,21,13.0,3,8,7,2,4,1,4.0,2.0,3.0,1,1,1,1,1,1,0,0,0,0,0,1,0,0,0,1,0,0,1,0,0,0,1,0,0,0,1,0,0,0,0,1,0,1,0,1,0
359,0,32,14,23890,6.0,12,5.0,4,3,0,2,3,4,4.0,3.0,3.0,1,1,1,1,1,1,1,0,1,0,0,0,0,0,0,0,0,0,1,0,0,0,1,0,0,0,0,0,0,0,1,0,0,1,1,0,0
1366,0,60,8,22690,5.0,18,33.0,4,29,11,10,3,2,3.0,4.0,2.0,1,1,1,1,1,3,0,0,0,0,1,0,0,0,0,0,1,0,1,0,0,1,0,0,0,0,0,0,0,0,1,0,1,0,1,0,0
1669,0,30,6,183000,0.0,14,7.0,6,6,0,2,3,4,2.0,3.0,3.0,1,1,1,1,1,0,0,0,0,0,0,0,0,1,0,0,1,0,1,0,0,0,0,1,0,0,0,0,0,0,1,0,1,0,0,0,0
650,0,49,6,53240,2.0,19,20.0,2,3,1,2,3,4,4.0,3.0,2.0,1,1,1,1,1,2,1,0,1,0,0,0,0,0,0,0,1,0,1,0,0,1,0,0,0,0,0,1,0,0,1,0,1,0,0,0,0
3829,1,25,19,198590,3.0,15,6.0,3,3,2,2,3,3,2.0,2.0,1.0,1,1,1,1,1,0,1,0,0,0,0,0,1,0,0,0,1,0,0,1,0,1,0,0,0,0,1,0,0,0,1,0,0,1,0,0,0
3727,1,22,8,37850,5.0,8,4.0,2,2,1,2,2,2,2.0,3.0,2.0,1,1,1,1,1,0,0,0,1,0,0,0,0,0,0,1,0,0,1,0,0,0,0,1,0,0,1,0,0,0,0,1,1,0,0,1,0
4334,1,32,31,88230,6.0,7,10.0,3,0,0,0,1,3,2.0,3.089749430523918,3.0161804922515953,1,1,1,0,0,1,0,0,0,0,0,1,0,0,0,0,1,0,1,0,0,0,0,1,0,0,1,0,0,0,0,1,1,0,0,1,0
4366,1,56,12,40780,8.0,22,14.0,3,10,9,8,3,2,4.0,4.0,3.0,1,1,1,1,1,3,1,0,0,0,0,0,0,1,0,0,1,0,0,1,0,0,0,0,1,0,1,0,0,0,1,0,0,1,1,0,0
4208,1,31,11,189470,2.0,6,9.0,2,3,1,2,1,2,1.0,3.0,2.0,1,1,1,1,1,1,0,0,0,0,0,0,0,0,1,0,1,0,0,0,0,0,0,1,0,0,0,0,0,0,0,0,1,0,0,1,0
1643,0,38,19,23260,8.0,14,19.0,3,1,0,0,3,3,3.0,3.0,4.0,1,1,1,1,1,1,0,0,1,0,0,0,0,0,0,0,1,1,0,0,0,0,0,0,1,0,0,0,0,0,0,1,1,0,0,0,0
639,0,41,21,54850,2.0,17,7.0,2,4,0,3,3,3,3.0,4.0,4.0,1,1,1,1,1,2,0,0,0,0,0,0,0,1,0,0,1,0,1,0,0,0,0,1,0,0,0,1,0,0,1,0,1,0,0,1,0
3531,0,50,2,83760,5.0,14,29.0,2,27,13,8,3,3,1.0,4.0,3.0,1,1,1,1,1,2,0,0,0,0,0,0,1,0,0,0,1,0,0,1,0,0,1,0,0,0,0,0,1,0,0,0,0,1,0,0,1
870,0,47,15,28270,8.0,14,28.0,3,22,14,10,3,4,1.0,1.0,3.0,1,1,1,1,1,2,0,0,0,0,0,0,1,0,0,0,1,0,0,0,1,0,0,1,0,0,1,0,0,0,0,0,1,0,1,0,0
866,0,40,22,102740,4.0,18,12.0,3,5,0,3,3,3,4.0,4.0,4.0,1,1,1,1,1,1,0,0,0,0,0,0,0,1,0,0,1,1,0,0,0,0,0,1,0,0,0,1,0,0,0,0,0,1,0,0,0
1216,0,39,21,81610,7.0,12,7.0,2,3,1,2,3,3,2.0,3.0,3.0,1,1,1,1,1,1,1,0,0,0,0,1,0,0,0,0,1,0,0,1,0,1,0,0,0,0,1,0,0,0,0,0,0,1,1,0,0
3714,1,21,12,53730,1.0,5,1.0,2,1,0,0,2,1,1.0,1.0,2.0,1,1,1,1,1,0,1,0,1,0,0,0,0,0,0,0,1,1,0,0,0,0,0,0,0,0,0,0,0,0,0,1,0,0,1,0,0
3402,0,31,18,38670,1.0,19,4.0,4,4,2,3,3,2,1.0,4.0,4.0,1,1,1,1,1,1,1,0,0,0,0,0,0,1,0,0,0,0,0,0,0,0,0,1,0,0,0,0,0,0,0,0,0,1,1,0,0
3832,1,31,2,25720,1.0,9,10.0,3,10,4,7,1,1,1.0,1.0,2.0,1,1,1,1,1,1,1,0,0,0,0,0,0,1,0,1,0,0,1,0,0,0,0,1,0,0,1,0,0,0,0,1,0,1,0,0,1
0,0,51,5,131160,1.0,11,1.0,6,1,0,0,1,3,3.0,4.0,3.0,1,1,1,1,1,3,0,0,0,0,0,0,0,0,0,0,1,1,0,0,0,1,0,0,0,0,0,0,0,0,1,0,0,1,0,0,0
3365,0,28,23,68520,1.0,14,1.0,2,1,0,0,3,2,4.0,4.0,3.0,1,1,1,1,1,0,1,0,1,0,0,0,0,0,0,0,1,1,0,0,0,1,0,0,0,0,1,0,0,0,1,0,1,0,1,0,0
246,0,43,21,135490,3.0,11,7.0,3,2,2,2,3,4,2.0,1.0,4.0,1,1,1,1,1,2,1,0,1,0,0,0,0,0,0,1,0,0,0,0,0,1,0,0,0,0,0,0,0,0,1,0,1,0,0,1,0
2070,0,38,6,25140,3.0,11,15.0,2,1,1,0,3,2,4.0,4.0,3.0,1,1,1,1,1,1,0,0,0,0,1,0,0,0,0,0,1,1,0,0,0,0,0,0,0,1,0,0,0,0,1,0,1,0,0,0,0
4248,1,35,29,20700,1.0,7,5.0,1,4,0,2,1,3,1.0,2.0,2.0,1,1,1,1,1,1,1,0,0,0,0,0,0,0,0,0,1,0,1,0,0,0,0,1,0,0,0,1,0,0,0,0,0,1,0,0,1
251,0,40,7,20730,0.0,14,5.0,3,4,2,3,3,4,3.0,4.0,3.0161804922515953,1,1,1,1,0,1,1,0,0,0,0,0,1,0,0,0,1,0,1,0,0,0,1,0,0,0,1,0,0,0,0,1,0,1,0,0,0
3504,0,44,2,23450,3.0,13,24.0,0,22,5,17,3,3,4.0,4.0,4.0,1,1,1,1,1,2,0,0,0,0,1,0,0,0,0,0,1,0,0,0,0,1,0,0,0,0,0,0,0,0,1,0,1,0,0,1,0
3749,1,33,28,86390,5.0,13,6.0,3,3,0,2,1,2,2.0,3.0,2.0,1,1,1,1,1,1,1,1,0,0,0,0,0,0,0,0,1,0,0,0,1,1,0,0,0,0,0,0,0,0,0,1,1,0,0,1,0
2923,0,38,6,66530,7.0,20,10.0,2,1,0,0,4,2,4.0,4.0,4.0,1,1,1,1,1,1,1,0,0,0,0,0,0,1,0,0,1,0,0,1,0,0,0,1,0,0,0,0,0,0,0,1,1,0,1,0,0
1948,0,36,1,23770,6.0,13,15.0,3,1,0,0,3,4,3.0,4.0,3.0,1,1,1,1,1,1,1,0,0,0,0,0,1,0,0,0,1,0,1,0,0,0,0,0,0,0,0,0,0,0,0,1,0,0,0,1,0
3570,0,59,10,47230,9.0,22,30.0,0,3,2,2,3,3,4.0,4.0,3.0,1,1,1,1,1,3,1,0,0,0,0,0,0,1,0,0,0,1,0,0,0,1,0,0,0,0,1,0,0,0,1,0,1,0,0,0,0
4257,1,20,10,34640,1.0,15,2.0,3,2,0,2,2,3,3.0,3.0,4.0,1,1,1,1,1,0,1,0,0,0,0,0,0,1,0,1,0,0,1,0,0,0,1,0,0,0,0,1,0,0,0,1,0,1,0,0,0
433,0,43,20,50550,5.0,22,18.0,2,1,0,0,4,2,4.0,3.0,2.0,1,1,1,1,1,2,1,0,0,0,0,0,1,0,0,0,1,1,0,0,0,1,0,0,0,0,0,1,0,0,0,0,0,1,0,0,0
3944,1,28,11,56730,5.0,9,5.0,4,3,2,2,2,3,3.0,1.0,3.0,1,1,1,1,1,0,1,0,0,0,0,0,0,1,0,0,1,0,0,1,0,0,0,1,0,0,0,0,0,0,1,0,1,0,1,0,0
3268,0,41,5,28210,1.0,17,10.0,3,10,8,7,3,3,3.0,3.0,2.0,1,1,1,1,1,2,1,0,0,0,0,0,1,0,0,0,1,0,0,1,0,0,1,0,0,0,0,0,0,0,0,1,0,1,0,0,0
2595,0,45,2,50980,3.0,14,8.0,4,2,0,2,3,2,1.0,2.0,4.0,1,1,1,1,1,2,0,0,0,0,0,0,0,1,0,0,1,0,1,0,0,0,0,1,0,0,0,0,0,0,1,0,1,0,1,0,0
2492,0,28,6,96370,1.0,13,5.0,6,5,0,2,3,4,3.0,3.0,4.0,1,1,1,1,1,0,1,1,0,0,0,0,0,0,0,0,1,0,1,0,0,0,0,0,1,0,0,0,0,0,0,1,1,0,0,0,0
551,0,28,2,55770,0.0,19,5.0,3,4,0,2,3,3,4.0,2.0,4.0,1,1,1,1,1,0,0,0,0,1,0,0,0,0,0,1,0,0,1,0,0,0,0,0,1,0,0,0,0,0,0,1,1,0,0,0,0
1249,0,38,6,68700,1.0,11,8.0,5,8,7,7,3,4,4.0,4.0,4.0,1,1,1,1,1,1,0,0,0,1,0,0,0,0,0,0,1,0,1,0,0,1,0,0,0,0,0,0,0,0,0,0,1,0,1,0,0
3231,0,49,3,108450,3.0,24,27.0,4,4,1,2,4,4,2.0,3.0,2.0,1,1,1,1,1,2,1,0,0,0,0,1,0,0,0,0,1,1,0,0,0,1,0,0,0,0,1,0,0,0,1,0,0,1,0,0,0
4127,1,23,2,61790,1.0,3,1.0,3,1,1,0,2,3,1.0,4.0,1.0,1,1,1,1,1,0,0,0,0,0,1,0,0,0,0,1,0,0,0,1,0,1,0,0,0,0,1,0,0,0,1,0,1,0,0,0,0
1985,0,45,22,50670,1.0,11,10.0,3,10,3,9,3,3,4.0,4.0,2.0,1,1,1,1,1,2,0,0,1,0,0,0,0,0,0,0,1,0,1,0,0,1,0,0,0,0,1,0,0,0,0,0,1,0,0,1,0
278,0,42,7,92080,1.0,15,24.0,2,24,14,9,3,4,2.0,1.0,3.0,1,1,1,1,1,2,1,0,0,0,1,0,0,0,0,1,0,0,0,1,0,0,0,1,0,0,0,0,0,0,0,0,1,0,1,0,0
2716,0,56,2,20420,7.0,12,30.0,6,10,1,1,3,2,2.0,4.0,3.0,1,1,1,1,1,3,1,0,0,1,0,0,0,0,0,0,1,0,0,1,0,0,0,1,0,0,0,0,0,0,1,0,1,0,0,0,0
2289,0,35,4,48980,2.0,15,10.0,2,4,2,3,3,4,1.0,1.0,3.0,1,1,1,1,1,1,0,0,0,0,1,0,0,0,0,0,0,0,0,1,0,0,0,0,0,1,0,1,0,0,1,0,1,0,0,1,0
53,0,32,1,26620,1.0,11,13.0,6,13,11,9,3,4,2.0,2.0,4.0,1,1,1,1,1,1,1,0,0,0,0,0,1,0,0,0,1,0,1,0,0,1,0,0,0,0,0,1,0,0,1,0,1,0,1,0,0
3484,0,27,4,44000,9.0,16,6.0,3,2,2,2,3,3,4.0,3.0,3.0,1,1,1,1,1,0,0,0,0,0,1,0,0,0,0,0,1,0,0,1,0,0,0,1,0,0,0,0,1,0,1,0,0,1,1,0,0
1650,0,34,5,96130,0.0,12,16.0,5,15,0,9,3,1,4.0,3.0,3.0,1,1,1,1,1,1,1,0,0,0,0,1,0,0,0,0,1,0,0,1,0,0,1,0,0,0,1,0,0,0,0,0,0,1,1,0,0
4065,1,31,24,61800,1.0,8,1.0,2,1,0,0,2,1,1.0,3.0,2.0,1,1,1,1,1,1,1,0,0,0,0,0,1,0,0,0,1,0,1,0,0,0,0,0,0,1,0,0,0,0,0,1,0,1,1,0,0
4146,1,46,1,97140,1.0,17,9.0,0,9,4,7,2,2,3.0,2.0,3.0,1,1,1,1,1,2,0,0,0,0,0,0,1,0,0,0,1,1,0,0,0,0,0,1,0,0,1,0,0,0,0,1,0,1,0,0,0
4145,1,36,8,144110,0.0,13,2.0,2,1,0,0,3,2,1.0,3.0,4.0,1,1,1,1,1,1,1,0,1,0,0,0,0,0,0,0,1,1,0,0,0,1,0,0,0,0,0,0,1,0,1,0,0,1,0,0,1
227,0,39,10,62200,1.0,14,20.0,2,20,11,10,3,4,2.0,3.0,2.0,1,1,1,1,1,1,0,0,0,0,0,0,0,0,1,0,1,0,0,0,1,0,0,1,0,0,0,0,0,0,0,1,1,0,0,1,0
1456,0,27,3,21940,1.0,12,6.0,5,6,0,4,3,3,4.0,4.0,4.0,1,1,1,1,1,0,1,0,1,0,0,0,0,0,0,1,0,0,1,0,0,0,0,0,0,1,0,0,0,1,0,0,0,1,0,0,0
4087,1,35,11,173990,6.0,6,7.0,3,2,2,2,3,2,3.0,3.0,1.0,1,1,1,1,1,1,1,0,0,1,0,0,0,0,0,0,1,0,1,0,0,1,0,0,0,0,1,0,0,0,0,0,1,0,0,0,0
2674,0,34,1,53810,1.0,12,10.0,0,10,8,8,3,4,3.0,4.0,3.0,1,1,1,1,1,1,1,0,0,0,0,0,1,0,0,0,1,0,0,0,1,0,0,1,0,0,0,0,0,0,1,0,1,0,0,0,0
287,0,42,12,46680,9.0,18,8.0,2,4,0,2,3,3,4.0,4.0,4.0,1,1,1,1,1,2,1,0,1,0,0,0,0,0,0,0,1,0,0,0,0,0,1,0,0,0,1,0,0,0,1,0,0,1,0,1,0
2842,0,39,1,23400,0.0,11,9.0,2,8,0,7,3,3,4.0,4.0,4.0,1,1,1,1,1,1,1,0,0,0,0,0,1,0,0,0,1,0,0,0,0,0,1,0,0,0,1,0,0,0,0,1,0,1,1,0,0
3957,1,34,6,137440,0.0,16,3.0,3,2,1,0,3,2,1.0,1.0,1.0,1,1,1,1,1,1,1,0,0,0,0,0,1,0,0,1,0,0,1,0,0,0,0,1,0,0,1,0,0,0,0,0,1,0,1,0,0
2282,0,27,19,31720,1.0,20,9.0,1,9,1,7,4,3,4.0,2.0,4.0,1,1,1,1,1,0,1,0,0,0,0,0,0,0,0,1,0,0,1,0,0,1,0,0,0,0,0,0,1,0,0,1,0,1,1,0,0
2436,0,38,1,64720,0.0,12,17.0,4,16,5,13,3,4,4.0,4.0,3.0,1,1,1,1,1,1,1,0,1,0,0,0,0,0,0,0,1,1,0,0,0,0,0,1,0,0,0,0,1,0,0,0,1,0,0,0,0
3334,0,58,2,23760,4.0,14,37.0,3,16,14,14,3,3,2.0,3.0,4.0,1,1,1,1,1,3,1,0,1,0,0,0,0,0,0,0,0,0,0,1,0,0,0,1,0,0,0,0,0,0,0,0,1,0,1,0,0
1894,0,34,2,68770,7.0,20,16.0,3,14,6,9,4,3,3.0,3.0,4.0,1,1,1,1,1,1,0,0,0,0,0,0,0,0,1,1,0,0,0,1,0,0,0,1,0,0,1,0,0,0,0,0,1,0,0,0,0
4155,1,31,18,40660,3.0,18,4.0,2,2,2,2,4,2,4.0,3.0,3.0,1,1,1,1,1,1,0,0,0,0,0,0,0,1,0,0,1,0,0,0,0,0,0,1,0,0,1,0,0,0,1,0,1,0,0,0,0
3970,1,30,11,68250,1.0,6,1.0,2,1,0,0,3,2,1.0,2.0,2.0,1,1,1,1,1,0,1,0,0,0,0,0,0,0,0,1,0,0,1,0,0,0,0,0,1,0,1,0,0,0,1,0,1,0,0,0,0
1711,0,40,2,75960,9.0,11,20.0,0,18,2,13,3,4,4.0,4.0,3.0,1,1,1,1,1,1,1,1,0,0,0,0,0,0,0,1,0,0,0,1,0,0,0,1,0,0,0,0,1,0,0,1,1,0,0,0,0
2212,0,32,1,136950,0.0,13,3.0,3,2,2,2,3,4,3.0,2.0,4.0,1,1,1,1,1,1,1,0,0,0,0,0,0,1,0,0,1,1,0,0,0,0,0,1,0,0,0,1,0,0,1,0,1,0,0,0,0
4217,1,33,1,28710,1.0,10,10.0,2,10,7,8,1,3,4.0,3.0,2.0,1,1,1,1,1,1,1,0,1,0,0,0,0,0,0,0,1,1,0,0,0,0,0,1,0,0,0,1,0,0,0,1,1,0,0,0,1
1374,0,30,2,51310,0.0,15,10.0,2,9,7,8,3,2,4.0,4.0,4.0,1,1,1,1,1,0,0,0,0,0,0,0,1,0,0,0,0,0,0,1,0,1,0,0,0,0,0,1,0,0,1,0,1,0,1,0,0
3088,0,54,1,22970,6.0,18,29.0,2,20,12,7,3,2,4.0,3.0,2.0,1,1,1,1,1,3,0,0,0,1,0,0,0,0,0,0,1,0,1,0,0,0,0,1,0,0,1,0,0,0,0,1,0,1,0,1,0
891,0,46,18,34910,2.0,14,25.0,0,19,2,8,3,3,4.0,3.0,4.0,1,1,1,1,1,2,1,0,1,0,0,0,0,0,0,0,1,0,0,0,0,1,0,0,0,0,1,0,0,0,0,0,1,0,0,0,0
3101,0,47,2,43640,3.0,11,26.0,3,20,5,6,3,2,4.0,4.0,4.0,1,1,1,1,1,2,1,0,1,0,0,0,0,0,0,0,1,1,0,0,0,0,0,1,0,0,1,0,0,0,1,0,1,0,1,0,0
3929,1,30,4,28620,5.0,12,9.0,2,6,0,1,3,4,1.0,3.0,3.0,1,1,1,1,1,0,1,0,0,0,0,0,0,0,0,1,0,1,0,0,0,0,0,1,0,0,1,0,0,0,0,1,0,1,0,0,0
343,0,43,6,48760,4.0,16,4.0,4,1,0,0,3,4,1.0,3.0,2.0,1,1,1,1,1,2,1,0,0,0,0,0,0,1,0,0,1,0,0,1,0,0,1,0,0,0,1,0,0,0,0,0,0,1,0,1,0
3864,1,31,11,168850,2.0,6,10.0,2,1,0,0,3,2,3.0,3.0,2.0,1,1,1,1,1,1,1,0,1,0,0,0,0,0,0,0,1,0,0,1,0,0,0,0,0,0,1,0,0,0,1,0,0,0,0,1,0
2039,0,26,7,106860,1.0,14,3.0,2,3,0,2,3,3,3.0,3.0,4.0,1,1,1,1,1,0,1,0,0,0,0,0,0,1,0,0,1,0,0,0,0,0,0,1,0,0,0,0,0,0,1,0,1,0,1,0,0
2217,0,25,2,27850,0.0,21,6.0,2,5,0,4,4,3,2.0,4.0,4.0,1,1,1,1,1,0,0,0,0,0,1,0,0,0,0,0,1,0,0,1,0,0,0,1,0,0,1,0,0,0,0,0,1,0,0,0,0
455,0,28,1,67810,0.0,15,10.0,2,9,1,7,3,3,4.0,4.0,3.0,1,1,1,1,1,0,0,0,1,0,0,0,0,0,0,0,1,0,1,0,0,0,0,0,0,0,0,0,1,0,0,0,0,0,1,0,0
1251,0,50,6,96670,3.0,23,28.0,2,10,1,6,4,3,4.0,3.0,3.0,1,1,1,1,1,2,1,0,0,0,0,0,1,0,0,0,1,0,0,1,0,1,0,0,0,0,0,0,0,0,0,0,0,1,0,0,0
3015,0,59,3,165950,6.0,21,25.0,2,9,5,4,4,4,4.0,1.0,3.0,1,1,1,1,1,3,1,0,0,0,0,0,1,0,0,0,1,1,0,0,0,1,0,0,0,0,1,0,0,0,0,1,1,0,1,0,0
3930,1,29,2,49780,0.0,9,7.0,3,6,1,5,2,1,2.0,1.0,2.0,1,1,1,1,1,0,1,0,0,0,0,0,0,1,0,0,1,0,1,0,0,1,0,0,0,0,0,0,0,0,0,1,1,0,0,0,0
1803,0,28,1,56790,0.0,13,10.0,2,9,7,5,3,3,2.0,2.0,4.0,1,1,1,1,1,0,1,0,0,0,0,0,0,1,0,0,0,0,1,0,0,0,0,1,0,0,0,0,0,1,1,0,1,0,0,0,0
4162,1,38,7,107480,7.0,10,17.0,3,1,0,0,1,3,1.0,3.0,2.0,1,1,1,1,1,1,0,0,0,0,0,0,1,0,0,0,1,0,0,1,0,1,0,0,0,0,0,1,0,0,1,0,0,1,0,0,0
2795,0,31,13,22790,3.0,12,8.0,3,6,0,2,3,3,2.0,3.0,3.0,1,1,1,1,1,1,0,0,0,0,0,0,0,1,0,0,1,0,1,0,0,1,0,0,0,0,0,1,0,0,1,0,1,0,1,0,0
3129,0,24,8,51600,1.0,17,1.0,3,1,0,0,3,3,2.0,4.0,3.0,1,1,1,1,1,0,0,0,0,1,0,0,0,0,0,0,0,0,1,0,0,1,0,0,0,0,1,0,0,0,1,0,1,0,1,0,0
689,0,33,1,42560,1.0,13,5.0,1,5,0,2,3,4,2.0,3.0,3.0,1,1,1,1,1,1,1,0,0,0,0,0,1,0,0,0,1,0,0,0,0,1,0,0,0,0,0,0,0,0,0,1,1,0,0,0,1
3977,1,50,5,44240,3.0,9,18.0,2,4,1,3,1,2,2.0,2.0,3.0,1,1,1,1,1,2,1,0,0,0,0,0,0,0,1,1,0,1,0,0,0,0,0,1,0,0,0,0,1,0,1,0,1,0,1,0,0
1098,0,28,7,23670,1.0,13,5.0,2,5,0,4,3,4,4.0,3.0,3.0,1,1,1,1,1,0,1,0,1,0,0,0,0,0,0,0,0,0,0,1,0,0,0,1,0,0,1,0,0,0,1,0,0,1,0,0,0
3971,1,31,11,189470,2.0,8,9.0,2,3,1,2,3,3,1.0,1.0,1.0,1,1,1,1,1,1,0,0,0,0,0,0,0,0,1,0,1,0,0,0,0,0,0,1,0,0,0,0,0,0,0,0,1,0,0,1,0
1649,0,32,12,69290,9.0,20,10.0,6,8,7,7,4,3,4.0,3.0,4.0,1,1,1,1,1,1,1,0,0,1,0,0,0,0,0,0,0,0,1,0,0,0,0,1,0,0,1,0,0,0,0,1,1,0,0,0,0
1115,0,36,1,175670,5.0,13,7.0,6,1,0,0,3,4,4.0,3.0,4.0,1,1,1,1,1,1,0,0,0,0,1,0,0,0,0,0,1,0,1,0,0,0,0,1,0,0,1,0,0,0,0,0,1,0,0,0,0
2916,0,48,2,23700,2.0,11,27.0,3,5,2,1,3,2,4.0,4.0,4.0,1,1,1,1,1,2,1,0,0,0,0,0,0,1,0,0,0,0,0,0,0,1,0,0,0,0,1,0,0,0,0,1,0,1,0,0,0
3060,0,35,1,81200,0.0,13,10.0,2,9,0,0,3,4,2.0,4.0,4.0,1,1,1,1,1,1,0,0,0,0,0,1,0,0,0,0,1,0,0,1,0,0,0,0,1,0,1,0,0,0,1,0,1,0,0,0,0
845,0,34,8,77790,5.0,12,6.0,2,2,2,2,3,4,3.0,4.0,2.0,1,1,1,1,1,1,0,0,0,0,0,0,0,1,0,0,1,1,0,0,0,1,0,0,0,0,0,0,0,1,0,1,0,1,1,0,0
1848,0,42,18,26420,0.0,13,21.0,3,20,0,9,3,4,4.0,3.0,3.0,1,1,1,1,1,2,0,0,0,0,0,0,1,0,0,0,1,0,1,0,0,0,1,0,0,0,0,1,0,0,1,0,0,1,1,0,0
660,0,49,6,50940,3.0,15,29.0,5,8,0,7,3,4,4.0,3.0,4.0,1,1,1,1,1,2,0,0,0,0,0,0,0,1,0,0,1,0,1,0,0,0,0,0,0,1,1,0,0,0,0,0,1,0,0,0,0
400,0,48,2,54150,7.0,11,27.0,1,15,4,8,3,4,2.0,2.0,4.0,1,1,1,1,1,2,1,0,0,0,0,1,0,0,0,0,1,0,1,0,0,0,0,1,0,0,0,0,0,0,0,1,0,1,1,0,0
2867,0,41,2,47410,6.0,16,8.0,3,2,2,1,3,1,4.0,3.0,4.0,1,1,1,1,1,2,1,0,0,0,0,0,1,0,0,0,1,0,1,0,0,1,0,0,0,0,1,0,0,0,0,1,1,0,0,0,0
4225,1,28,23,32040,6.0,14,5.0,4,2,2,1,3,1,2.0,2.0,3.0,1,1,1,1,1,0,0,0,0,0,0,0,0,1,0,0,1,0,0,1,0,0,0,1,0,0,1,0,0,0,0,1,1,0,1,0,0
1469,0,60,6,53290,8.0,20,10.0,3,2,2,2,4,4,1.0,3.0,1.0,1,1,1,1,1,3,0,0,1,0,0,0,0,0,0,0,1,1,0,0,0,1,0,0,0,0,0,0,0,1,0,1,1,0,0,0,0
2027,0,60,14,40250,3.0,13,19.0,5,1,0,0,3,2,4.0,2.0,1.0,1,1,1,1,1,3,1,0,0,1,0,0,0,0,0,0,1,0,0,1,0,0,0,1,0,0,0,0,0,0,0,0,0,1,1,0,0
2591,0,30,4,54100,0.0,17,6.0,2,5,4,4,3,3,1.0,3.0,3.0,1,1,1,1,1,0,0,0,0,0,1,0,0,0,0,0,1,0,0,1,0,0,0,1,0,0,1,0,0,0,0,1,0,1,1,0,0
944,0,38,7,23720,4.0,12,20.0,3,1,0,0,3,4,4.0,3.0,4.0,1,1,1,1,1,1,1,0,0,0,0,0,0,0,1,0,1,1,0,0,0,0,0,0,0,1,0,1,0,0,0,1,1,0,0,0,0
1304,0,37,1,133480,7.0,14,8.0,4,6,0,4,3,4,4.0,2.0,4.0,1,1,1,1,1,1,1,0,0,0,0,0,0,0,0,0,1,0,0,1,0,1,0,0,0,0,1,0,0,0,0,0,0,1,0,0,0
3395,0,38,3,44440,1.0,21,20.0,2,20,0,7,3,4,4.0,4.0,4.0,1,1,1,1,1,1,0,0,0,1,0,0,0,0,0,1,0,1,0,0,0,0,0,1,0,0,0,0,0,0,0,0,1,0,0,0,0
4329,1,32,1,27430,1.0,10,1.0,2,1,0,0,2,2,2.0,3.0,1.0,1,1,1,1,1,1,1,0,0,0,0,0,1,0,0,0,1,0,1,0,0,1,0,0,0,0,1,0,0,0,0,1,0,1,1,0,0
275,0,30,16,25230,3.0,13,7.0,2,2,0,2,3,4,4.0,4.0,4.0,1,1,1,1,1,0,1,0,1,0,0,0,0,0,0,0,1,0,1,0,0,0,0,1,0,0,0,0,0,0,1,0,1,0,1,0,0
927,0,56,3,198470,4.0,14,6.0,6,0,0,0,3,3,3.0,3.0,3.0,1,1,1,1,1,3,0,0,0,0,0,0,0,1,0,0,1,0,1,0,0,0,0,0,0,1,1,0,0,0,1,0,1,0,0,0,0
1991,0,24,12,54880,1.0,22,6.0,6,6,1,3,4,4,1.0,4.0,4.0,1,1,1,1,1,0,1,0,0,0,0,0,1,0,0,1,0,0,1,0,0,1,0,0,0,0,1,0,0,0,0,1,1,0,1,0,0
4091,1,48,12,63470,2.0,4,19.0,3,9,7,7,2,2,3.0,1.0,1.0,1,1,1,1,1,2,1,0,0,0,0,0,0,0,0,1,0,1,0,0,0,0,1,0,0,0,0,0,0,0,1,0,0,1,1,0,0
1322,0,36,5,47710,4.0,13,16.0,2,13,1,12,3,3,2.0,2.0,2.0,1,1,1,1,1,1,0,0,0,0,0,0,1,0,0,1,0,0,1,0,0,1,0,0,0,0,1,0,0,0,1,0,1,0,1,0,0
1696,0,31,6,52580,0.0,14,3.0,5,2,2,2,3,4,1.0,4.0,3.0,1,1,1,1,1,1,1,0,0,0,0,0,0,1,0,1,0,0,1,0,0,1,0,0,0,0,0,0,0,0,1,0,1,0,0,0,1
522,0,35,1,136100,4.0,22,16.0,4,13,4,12,4,3,3.0,1.0,4.0,1,1,1,1,1,1,1,0,0,0,0,0,0,1,0,0,0,0,0,0,0,1,0,0,0,0,1,0,0,0,1,0,1,0,0,1,0
154,0,35,10,28090,4.0,23,10.0,2,8,0,0,4,3,3.0,4.0,3.0,1,1,1,1,1,1,0,0,0,0,0,0,0,0,1,0,1,1,0,0,0,0,0,1,0,0,1,0,0,0,1,0,1,0,1,0,0
4036,1,29,7,22440,1.0,5,11.0,5,11,3,10,3,3,1.0,2.0,2.0,1,1,1,1,1,0,1,0,0,0,0,0,0,1,0,0,1,0,1,0,0,1,0,0,0,0,0,0,0,0,1,0,1,0,0,0,1
1387,0,35,10,28090,4.0,23,10.0,2,8,0,0,4,3,4.0,3.0,3.0,1,1,1,1,1,1,0,0,0,0,0,0,0,0,1,0,1,1,0,0,0,0,0,1,0,0,1,0,0,0,1,0,1,0,1,0,0
4152,1,31,2,21410,4.0,16,12.0,2,7,7,7,4,3,1.0,3.0,4.0,1,1,1,1,1,1,0,0,0,0,0,0,0,1,0,0,1,0,0,1,0,0,0,0,0,1,0,1,0,0,1,0,1,0,0,0,0
1681,0,33,7,46490,0.0,12,4.0,2,3,0,2,3,2,4.0,3.0,3.0,1,1,1,1,1,1,0,0,0,0,0,0,1,0,0,1,0,0,1,0,0,0,0,1,0,0,1,0,0,0,1,0,0,1,0,0,0
2975,0,44,2,25640,1.0,12,20.0,3,20,13,17,3,4,4.0,4.0,3.0,1,1,1,1,1,2,1,0,0,0,0,0,1,0,0,0,1,0,0,1,0,0,0,1,0,0,1,0,0,0,0,1,1,0,0,0,1
469,0,42,17,22010,4.0,12,16.0,3,1,0,0,3,4,2.0,4.0,3.0,1,1,1,1,1,2,0,0,0,0,0,0,0,0,0,0,1,1,0,0,0,1,0,0,0,0,0,0,0,0,0,1,0,1,1,0,0
2386,0,57,2,20130,3.0,14,12.0,5,5,1,4,3,3,4.0,3.0,4.0,1,1,1,1,1,3,1,0,0,0,1,0,0,0,0,0,1,0,1,0,0,1,0,0,0,0,1,0,0,0,0,0,1,0,1,0,0
1423,0,31,1,64650,4.0,17,13.0,3,7,5,7,3,2,3.0,4.0,3.0,1,1,1,1,1,1,0,0,0,0,0,0,0,1,0,0,1,0,1,0,0,0,1,0,0,0,1,0,0,0,0,0,0,1,0,0,0
562,0,25,14,36220,1.0,25,2.0,0,2,2,1,4,4,4.0,4.0,3.0,1,1,1,1,1,0,1,0,0,0,0,0,1,0,0,0,1,1,0,0,0,1,0,0,0,0,0,0,0,0,0,1,1,0,0,0,0
3544,0,35,2,101240,0.0,17,16.0,2,15,2,8,3,3,4.0,3.0,3.0,1,1,1,1,1,1,1,0,0,0,0,0,0,0,0,0,1,0,0,1,0,0,0,1,0,0,1,0,0,0,0,1,1,0,1,0,0
4284,1,21,24,53370,1.0,4,2.0,2,2,2,2,3,1,2.0,2.0,1.0,1,1,1,1,1,0,0,0,0,0,0,0,1,0,0,1,0,1,0,0,0,0,0,1,0,0,0,0,1,0,0,1,1,0,1,0,0
3481,0,34,3,12610,2.0,21,6.0,6,4,1,2,3,3,4.0,2.0,4.0,1,1,1,1,1,1,0,0,0,0,0,0,0,1,0,0,1,0,1,0,0,0,0,1,0,0,0,0,0,0,1,0,0,1,1,0,0
1523,0,40,7,22380,6.0,14,10.0,3,1,0,0,3,4,2.0,3.0,2.0,1,1,1,1,1,1,1,0,0,0,1,0,0,0,0,1,0,0,1,0,0,0,1,0,0,0,0,1,0,0,0,1,0,1,0,0,0
4194,1,34,6,137440,0.0,13,3.0,3,2,1,0,3,2,1.0,3.0,1.0,1,1,1,1,1,1,1,0,0,0,0,0,1,0,0,1,0,0,1,0,0,0,0,1,0,0,1,0,0,0,0,0,1,0,1,0,0
4281,1,19,2,98240,1.0,14,1.0,2,1,0,0,2,1,2.0,2.0,2.0,1,1,1,1,1,0,1,0,0,0,0,0,0,0,0,0,0,1,0,0,0,0,0,0,1,0,0,1,0,0,0,1,0,1,0,0,0
3436,0,42,5,100080,6.0,17,9.0,3,4,1,2,3,3,3.0,4.0,4.0,1,1,1,1,1,2,1,0,1,0,0,0,0,0,0,0,1,0,1,0,0,0,0,1,0,0,1,0,0,0,0,0,1,0,1,0,0
3035,0,46,3,26190,6.0,12,10.0,3,7,5,7,3,4,3.0,4.0,4.0,1,1,1,1,1,2,1,0,0,0,0,0,1,0,0,0,1,0,1,0,0,0,0,1,0,0,0,0,0,0,0,1,0,1,1,0,0
1428,0,43,8,26830,4.0,11,21.0,3,1,0,0,3,2,4.0,1.0,3.0,1,1,1,1,1,2,0,0,0,0,0,0,0,1,0,0,1,0,0,0,1,0,0,0,0,1,1,0,0,0,0,0,1,0,0,0,0
781,0,38,23,39170,1.0,15,4.0,2,4,3,3,3,3,2.0,3.0,3.0,1,1,1,1,1,1,0,0,0,0,0,0,0,1,0,1,0,1,0,0,0,0,0,1,0,0,0,0,0,0,0,1,0,1,0,0,1
1417,0,26,15,119940,1.0,14,6.0,6,5,1,4,3,3,2.0,2.0,4.0,1,1,1,1,1,0,0,0,0,0,0,0,0,1,0,0,1,0,0,1,0,0,0,0,0,1,0,0,1,0,1,0,1,0,1,0,0
2329,0,54,20,48550,9.0,25,16.0,2,4,0,3,4,4,2.0,4.0,4.0,1,1,1,1,1,3,0,0,1,0,0,0,0,0,0,0,1,0,0,0,0,0,0,1,0,0,0,0,0,0,1,0,1,0,1,0,0
1771,0,29,2,48050,3.0,16,9.0,2,7,1,7,3,4,4.0,3.0,3.0,1,1,1,1,1,0,0,0,0,0,0,0,0,0,0,0,1,0,1,0,0,0,0,0,0,1,1,0,0,0,0,0,1,0,1,0,0
1113,0,34,7,48760,2.0,21,14.0,3,11,5,8,4,3,4.0,1.0,3.0,1,1,1,1,1,1,1,0,0,0,0,0,0,0,0,0,1,1,0,0,0,0,0,1,0,0,1,0,0,0,0,1,0,1,1,0,0
393,0,18,4,32300,1.0,12,0.0,3,0,0,0,3,4,3.0,4.0,2.0,1,1,1,1,1,0,1,0,0,1,0,0,0,0,0,0,0,0,0,1,0,0,0,0,1,0,1,0,0,0,0,1,0,1,1,0,0
3931,1,29,8,21800,1.0,18,4.0,2,4,0,1,2,3,2.0,2.0,2.0,1,1,1,1,1,0,0,0,0,0,0,0,1,0,0,0,1,0,0,0,0,1,0,0,0,0,0,0,0,0,0,1,1,0,0,0,0
1774,0,33,6,161840,0.0,13,10.0,2,9,0,8,3,4,4.0,3.0,2.0,1,1,1,1,1,1,0,0,0,0,0,0,1,0,0,0,1,1,0,0,0,1,0,0,0,0,1,0,0,0,0,0,1,0,1,0,0
3097,0,36,19,63970,4.0,14,11.0,3,3,0,2,3,3,4.0,3.0,3.0,1,1,1,1,1,1,0,0,0,0,0,1,0,0,0,0,1,0,1,0,0,0,0,0,1,0,0,1,0,0,1,0,1,0,1,0,0
169,0,40,1,30680,3.0,19,20.0,3,1,0,1,3,3,3.0,3.0,3.0,1,1,1,1,1,1,0,0,1,0,0,0,0,0,0,0,0,0,0,1,0,0,0,0,0,1,1,0,0,0,0,0,1,0,0,0,0
3487,0,30,9,171690,1.0,15,1.0,2,1,0,0,3,3,2.0,4.0,3.0,1,1,1,1,1,0,1,0,1,0,0,0,0,0,0,0,1,0,0,1,0,0,0,1,0,0,1,0,0,0,0,0,1,0,0,1,0
4339,1,43,1,76550,9.0,4,6.0,3,1,0,0,3,1,3.0,2.0,1.0,1,1,1,1,1,2,1,0,0,0,0,0,0,1,0,1,0,0,0,1,0,0,0,0,1,0,0,1,0,0,1,0,1,0,1,0,0
3880,1,22,19,35790,1.0,13,1.0,3,1,0,0,3,2,3.0,3.0,1.0,1,1,1,1,1,0,0,0,1,0,0,0,0,0,0,0,1,1,0,0,0,1,0,0,0,0,1,0,0,0,0,1,1,0,0,0,1
4113,1,32,1,27410,7.0,5,7.0,3,2,2,2,1,2,3.0,3.0,3.0,1,1,1,1,1,1,1,0,1,0,0,0,0,0,0,0,1,0,0,0,0,0,0,1,0,0,1,0,0,0,0,1,1,0,0,0,0
1381,0,35,12,54060,0.0,12,6.0,2,5,4,3,3,3,4.0,4.0,4.0,1,1,1,1,1,1,0,0,1,0,0,0,0,0,0,0,1,1,0,0,0,0,0,1,0,0,1,0,0,0,0,1,1,0,1,0,0
1301,0,29,6,25870,0.0,22,4.0,3,3,2,2,4,4,4.0,3.0,3.0,1,1,1,1,1,0,1,0,0,0,0,0,0,0,1,0,1,0,1,0,0,0,0,1,0,0,0,1,0,0,0,1,0,0,0,1,0
1631,0,22,6,49070,1.0,21,4.0,2,4,1,1,4,3,3.0,4.0,3.0,1,1,1,1,1,0,1,0,0,0,0,0,0,0,1,0,1,0,1,0,0,0,0,0,1,0,1,0,0,0,1,0,1,0,1,0,0
2204,0,41,2,23870,3.0,17,12.0,1,5,1,0,3,3,4.0,4.0,4.0,1,1,1,1,1,2,1,0,0,0,0,0,0,0,0,0,1,1,0,0,0,0,0,1,0,0,0,0,0,0,1,0,0,1,1,0,0
2945,0,42,1,30340,7.0,21,9.0,3,6,1,5,4,3,4.0,2.0,2.0,1,1,1,1,1,2,1,0,1,0,0,0,0,0,0,0,1,1,0,0,0,1,0,0,0,0,0,0,1,0,0,1,1,0,1,0,0
575,0,41,5,27730,1.0,11,19.0,3,19,11,9,3,3,4.0,3.0,4.0,1,1,1,1,1,2,0,0,0,0,0,1,0,0,0,0,0,0,1,0,0,1,0,0,0,0,0,0,0,0,0,1,0,1,0,0,0
1892,0,57,2,61620,0.0,14,13.0,5,12,2,8,3,2,3.0,4.0,1.0,1,1,1,1,1,3,1,0,0,0,0,0,1,0,0,0,1,0,0,0,0,1,0,0,0,0,0,1,0,0,1,0,0,1,0,0,0
2021,0,44,7,68610,4.0,12,8.0,2,2,2,2,3,3,4.0,3.0,4.0,1,1,1,1,1,2,0,0,0,0,0,0,0,0,0,0,1,0,1,0,0,0,0,0,0,1,0,1,0,0,0,0,1,0,0,0,0
2339,0,25,21,88530,1.0,22,2.0,3,2,2,1,4,3,4.0,3.0,3.0,1,1,1,1,1,0,1,0,1,0,0,0,0,0,0,0,1,0,1,0,0,0,0,0,0,1,0,0,0,0,1,0,1,0,1,0,0
1512,0,24,1,81890,1.0,14,1.0,3,1,0,0,3,3,4.0,3.0,3.0,1,1,1,1,1,0,0,0,0,0,1,0,0,0,0,0,0,0,0,0,1,0,1,0,0,0,0,0,0,0,0,0,0,1,1,0,0
1477,0,30,6,52090,7.0,14,10.0,3,8,7,7,3,3,2.0,3.0,2.0,1,1,1,1,1,0,1,0,0,0,0,0,0,1,0,0,1,0,1,0,0,1,0,0,0,0,1,0,0,0,0,0,1,0,1,0,0
1265,0,35,16,51540,0.0,19,12.0,2,11,6,9,3,3,4.0,2.0,4.0,1,1,1,1,1,1,1,0,1,0,0,0,0,0,0,0,1,1,0,0,0,1,0,0,0,0,0,0,0,0,1,0,0,1,0,0,0
3941,1,26,10,157870,1.0,6,8.0,5,8,7,4,1,3,3.0,1.0,2.0,1,1,1,1,1,0,1,0,0,1,0,0,0,0,0,0,1,0,1,0,0,0,0,1,0,0,1,0,0,0,0,1,1,0,0,1,0
556,0,43,6,195020,3.0,18,23.0,3,21,15,17,3,4,3.0,4.0,4.0,1,1,1,1,1,2,0,0,1,0,0,0,0,0,0,0,1,1,0,0,0,0,0,1,0,0,0,0,0,0,0,1,1,0,0,1,0
3134,0,33,6,37370,8.0,22,8.0,2,5,0,2,4,4,4.0,3.0,3.0,1,1,1,1,1,1,1,0,0,0,0,0,1,0,0,0,1,1,0,0,0,1,0,0,0,0,1,0,0,0,1,0,1,0,0,1,0
104,0,55,21,104480,2.0,13,30.0,3,5,1,2,3,1,1.0,4.0,4.0,1,1,1,1,1,3,1,0,1,0,0,0,0,0,0,0,1,0,1,0,0,0,1,0,0,0,0,0,0,0,0,1,0,1,0,0,0
4239,1,19,18,160640,1.0,7,1.0,3,1,0,0,1,1,3.0,1.0,1.0,1,1,1,1,1,0,1,0,0,0,0,0,1,0,0,0,1,0,1,0,0,1,0,0,0,0,1,0,0,0,0,1,1,0,1,0,0
861,0,39,2,51550,2.0,18,7.0,3,2,2,2,3,4,3.0,3.0,3.0,1,1,1,1,1,1,1,0,0,0,0,0,0,0,0,1,0,0,0,0,0,0,0,1,0,0,1,0,0,0,0,0,1,0,1,0,0
1168,0,31,2,27280,8.0,11,7.0,3,4,0,2,3,3,4.0,3.0,3.0,1,1,1,1,1,1,1,0,0,0,0,0,0,0,1,0,1,0,0,0,1,1,0,0,0,0,1,0,0,0,1,0,0,1,0,0,0
2545,0,42,2,10910,2.0,22,16.0,0,1,0,0,4,4,4.0,2.0,3.0,1,1,1,1,1,2,1,0,0,1,0,0,0,0,0,0,1,0,0,1,0,1,0,0,0,0,0,0,0,0,0,1,1,0,0,0,0
324,0,49,7,190330,2.0,18,7.0,5,4,0,2,3,4,3.0,2.0,4.0,1,1,1,1,1,2,0,0,0,0,0,0,0,0,1,0,1,0,1,0,0,0,0,0,0,1,1,0,0,0,1,0,0,1,1,0,0
1508,0,30,16,25230,3.0,13,7.0,2,2,0,2,3,2,3.0,4.0,2.0,1,1,1,1,1,0,1,0,1,0,0,0,0,0,0,0,1,0,1,0,0,0,0,1,0,0,0,0,0,0,1,0,1,0,1,0,0
1499,0,26,2,28350,3.0,11,5.0,2,2,2,0,3,2,4.0,4.0,4.0,1,1,1,1,1,0,1,0,0,0,1,0,0,0,0,1,0,1,0,0,0,1,0,0,0,0,0,0,0,0,0,0,1,0,1,0,0
3474,0,39,20,197010,0.0,12,21.0,3,20,9,6,3,3,2.0,4.0,3.0,1,1,1,1,1,1,1,0,0,0,0,0,0,1,0,0,1,0,1,0,0,0,0,1,0,0,1,0,0,0,1,0,0,1,0,0,0
1580,0,27,1,20580,1.0,14,1.0,5,1,0,0,3,3,4.0,4.0,4.0,1,1,1,1,1,0,1,0,0,0,0,0,1,0,0,0,1,0,1,0,0,0,0,1,0,0,0,0,0,0,0,1,1,0,1,0,0
2017,0,41,19,137260,3.0,12,21.0,6,2,0,2,3,3,3.0,3.0,2.0,1,1,1,1,1,2,0,0,0,1,0,0,0,0,0,0,1,0,0,1,0,1,0,0,0,0,0,0,1,0,0,1,1,0,0,0,0
59,0,39,15,20620,1.0,13,21.0,4,21,13,3,3,4,4.0,3.0,4.0,1,1,1,1,1,1,0,0,0,0,0,0,1,0,0,1,0,0,0,1,0,0,0,1,0,0,0,0,0,0,1,0,1,0,0,0,0
4137,1,32,12,165980,1.0,6,10.0,2,10,6,7,3,3,2.0,2.0,2.0,1,1,1,1,1,1,0,0,0,0,1,0,0,0,0,1,0,0,1,0,0,0,0,1,0,0,1,0,0,0,0,1,1,0,0,0,0
872,0,54,22,31310,4.0,14,14.0,3,7,1,7,3,4,3.0,3.0,4.0,1,1,1,1,1,3,1,0,0,0,0,0,1,0,0,0,1,0,0,1,0,0,0,1,0,0,0,0,0,0,1,0,0,1,0,0,0
3654,0,34,6,29740,1.0,11,5.0,2,5,2,0,4,3,4.0,4.0,4.0,1,1,1,1,1,1,1,0,0,0,0,0,0,0,1,1,0,1,0,0,0,0,0,1,0,0,0,0,1,0,0,0,1,0,0,0,0
3351,0,42,9,178560,3.0,14,10.0,2,6,3,3,3,3,4.0,3.0,4.0,1,1,1,1,1,2,1,0,0,1,0,0,0,0,0,0,0,0,1,0,0,0,0,1,0,0,0,0,0,0,1,0,1,0,0,0,0
210,0,37,3,98840,1.0,14,10.0,3,10,7,8,3,4,4.0,2.0,2.0,1,1,1,1,1,1,1,0,0,1,0,0,0,0,0,0,1,0,1,0,0,0,0,1,0,0,0,0,0,0,1,0,1,0,0,0,0
1352,0,43,22,39770,4.0,18,8.0,3,5,0,2,3,2,1.0,2.0,2.0,1,1,1,1,1,2,1,0,0,0,0,0,0,0,1,0,1,0,0,1,0,1,0,0,0,0,1,0,0,0,0,0,0,1,1,0,0
1189,0,40,18,45020,8.0,12,15.0,0,7,3,7,3,3,4.0,4.0,4.0,1,1,1,1,1,1,0,0,1,0,0,0,0,0,0,0,1,0,1,0,0,0,0,1,0,0,0,0,0,0,1,0,1,0,0,1,0
3627,0,36,20,55050,4.0,13,13.0,3,8,7,2,4,3,4.0,3.0,4.0,1,1,1,1,1,1,0,0,0,0,0,1,0,0,0,1,0,0,1,0,0,0,1,0,0,0,1,0,0,0,0,1,0,1,0,1,0
776,0,29,1,42400,1.0,14,10.0,2,10,0,9,3,3,3.0,3.0,3.0,1,1,1,1,1,0,1,0,0,0,0,0,0,0,1,0,1,1,0,0,0,0,0,1,0,0,1,0,0,0,0,0,1,0,0,0,0
2568,0,51,1,41050,4.0,22,18.0,2,7,0,7,4,4,2.94709236031927,2.0,1.0,1,1,0,1,1,3,1,0,0,0,0,0,0,1,0,0,1,1,0,0,0,1,0,0,0,0,0,0,0,0,1,0,1,0,1,0,0
3892,1,56,12,40780,8.0,20,14.0,3,10,9,8,3,2,2.0,3.0,1.0,1,1,1,1,1,3,1,0,0,0,0,0,0,1,0,0,1,0,0,1,0,0,0,0,1,0,1,0,0,0,1,0,0,1,1,0,0
2737,0,37,2,61720,0.0,11,6.0,1,5,4,3,3,3,1.0,4.0,4.0,1,1,1,1,1,1,1,0,0,0,1,0,0,0,0,0,1,0,0,1,0,0,0,0,0,1,1,0,0,0,0,0,0,1,0,0,0
3375,0,26,21,68120,1.0,20,1.0,2,1,1,0,3,4,4.0,3.0,2.0,1,1,1,1,1,0,1,1,0,0,0,0,0,0,0,0,1,1,0,0,0,1,0,0,0,0,1,0,0,0,1,0,1,0,0,0,0
2460,0,29,3,35390,1.0,18,6.0,2,6,1,5,3,3,3.0,4.0,2.0,1,1,1,1,1,0,0,1,0,0,0,0,0,0,0,0,1,0,1,0,0,0,0,0,1,0,1,0,0,0,0,1,0,1,0,0,0
1646,0,39,9,160150,1.0,11,21.0,3,21,2,8,3,3,3.0,2.0,3.0,1,1,1,1,1,1,1,0,0,0,0,0,0,1,0,1,0,0,1,0,0,0,1,0,0,0,0,0,0,0,0,1,0,1,0,0,0
4304,1,46,22,59800,4.0,6,28.0,2,7,4,3,1,1,1.0,3.0,1.0,1,1,1,1,1,2,1,0,0,0,1,0,0,0,0,0,1,0,0,0,0,0,0,1,0,0,0,0,0,0,0,0,1,0,1,0,0
3151,0,34,20,41940,0.0,17,12.0,3,11,5,7,3,2,4.0,4.0,3.0,1,1,1,1,1,1,0,0,0,0,0,0,1,0,0,0,1,0,0,0,1,0,1,0,0,0,0,0,0,0,1,0,0,1,0,1,0
608,0,32,1,191890,0.0,12,4.0,3,3,1,2,3,4,2.0,3.0,3.0,1,1,1,1,1,1,1,0,0,0,0,1,0,0,0,0,1,0,0,1,0,0,0,1,0,0,0,0,0,1,1,0,1,0,1,0,0
2388,0,50,3,43740,3.0,15,21.0,5,5,4,4,3,2,2.0,2.0,3.0,1,1,1,1,1,2,0,0,0,0,1,0,0,0,0,0,1,0,1,0,0,1,0,0,0,0,1,0,0,0,0,1,1,0,1,0,0
3085,0,25,1,25000,4.0,14,7.0,2,3,0,2,3,3,3.0,3.0,2.0,1,1,1,1,1,0,1,0,0,0,0,0,0,1,0,0,1,0,0,1,0,0,0,1,0,0,1,0,0,0,1,0,1,0,0,1,0
2699,0,40,2,51260,5.0,18,20.0,2,18,1,12,3,4,4.0,4.0,3.0,1,1,1,1,1,1,0,1,0,0,0,0,0,0,0,1,0,0,0,1,0,0,0,1,0,0,0,1,0,0,1,0,1,0,0,0,0
2830,0,31,1,190680,0.0,12,10.0,1,9,8,5,3,4,3.0,4.0,4.0,1,1,1,1,1,1,1,0,0,0,0,1,0,0,0,0,1,0,0,1,0,1,0,0,0,0,0,0,1,0,1,0,1,0,0,0,0
764,0,39,8,26840,4.0,12,7.0,2,5,1,0,3,4,4.0,3.0,4.0,1,1,1,1,1,1,0,0,0,0,0,1,0,0,0,0,1,0,1,0,0,0,1,0,0,0,1,0,0,0,1,0,0,1,0,0,0
1147,0,58,2,52060,4.0,11,9.0,4,1,0,0,3,3,3.0,3.0,3.0,1,1,1,1,1,3,0,0,0,0,0,0,1,0,0,0,1,0,1,0,0,0,1,0,0,0,0,0,0,0,1,0,0,1,0,0,1
2532,0,45,2,171740,9.0,14,12.0,6,10,9,8,3,3,4.0,4.0,4.0,1,1,1,1,1,2,0,0,0,0,0,0,0,1,0,0,1,0,0,0,0,0,1,0,0,0,0,0,0,0,1,0,0,1,1,0,0
1388,0,42,2,29770,4.0,15,8.0,3,2,2,0,3,4,4.0,4.0,3.0,1,1,1,1,1,2,0,0,0,0,0,0,1,0,0,1,0,0,0,1,0,0,0,1,0,0,0,0,0,0,1,0,1,0,0,0,1
1708,0,27,5,42600,1.0,11,4.0,2,4,2,2,3,2,4.0,3.0,3.0,1,1,1,1,1,0,0,0,0,0,0,0,0,0,0,0,1,1,0,0,0,0,0,1,0,0,0,0,0,0,1,0,1,0,0,1,0
1764,0,43,9,168350,3.0,17,25.0,3,8,0,7,3,4,4.0,4.0,3.0,1,1,1,1,1,2,1,0,1,0,0,0,0,0,0,0,1,1,0,0,0,1,0,0,0,0,0,1,0,0,1,0,1,0,1,0,0
1901,0,33,6,37370,8.0,22,8.0,2,5,0,2,4,3,2.0,2.0,4.0,1,1,1,1,1,1,1,0,0,0,0,0,1,0,0,0,1,1,0,0,0,1,0,0,0,0,1,0,0,0,1,0,1,0,0,1,0
2776,0,53,5,23250,7.0,18,35.0,1,5,0,4,3,3,3.0,4.0,3.0,1,1,1,1,1,3,1,0,0,0,0,0,0,1,0,0,1,0,1,0,0,0,1,0,0,0,0,0,1,0,1,0,0,1,1,0,0
2079,0,38,6,32010,1.0,11,5.0,3,5,0,4,3,3,4.0,1.0,3.0,1,1,1,1,1,1,0,0,0,0,0,0,0,1,0,0,1,1,0,0,0,1,0,0,0,0,1,0,0,0,1,0,1,0,1,0,0
3862,1,29,5,36910,1.0,11,2.0,3,2,2,2,2,3,1.0,2.0,2.0,1,1,1,1,1,0,1,0,0,0,0,0,1,0,0,0,1,0,1,0,0,0,1,0,0,0,0,0,0,1,0,1,0,1,0,0,0
1046,0,33,7,29090,2.0,11,10.0,2,5,1,3,3,3,3.0,2.0,3.0,1,1,1,1,1,1,1,1,0,0,0,0,0,0,0,1,0,1,0,0,0,0,1,0,0,0,0,0,1,0,1,0,0,1,0,0,0
595,0,27,21,46470,3.0,17,8.0,3,6,0,0,3,4,4.0,3.0,4.0,1,1,1,1,1,0,0,0,0,0,0,1,0,0,0,1,0,0,0,1,0,0,0,1,0,0,0,0,0,0,0,1,1,0,0,0,0
3771,1,31,34,25930,0.0,14,4.0,2,3,1,2,3,2,1.0,4.0,1.0,1,1,1,1,1,1,1,0,0,0,0,0,1,0,0,0,0,0,0,1,0,0,0,1,0,0,1,0,0,0,0,1,1,0,0,0,0
2599,0,60,8,22690,5.0,18,33.0,4,29,11,10,3,4,1.0,2.0,4.0,1,1,1,1,1,3,0,0,0,0,1,0,0,0,0,0,1,0,1,0,0,1,0,0,0,0,0,0,0,0,1,0,1,0,1,0,0
3272,0,26,7,106860,1.0,14,3.0,2,3,0,2,3,3,4.0,4.0,4.0,1,1,1,1,1,0,1,0,0,0,0,0,0,1,0,0,1,0,0,0,0,0,0,1,0,0,0,0,0,0,1,0,1,0,1,0,0
238,0,41,2,72600,1.0,16,22.0,2,22,2,10,3,1,4.0,3.0,3.0,1,1,1,1,1,2,1,0,0,0,1,0,0,0,0,0,1,0,1,0,0,0,0,1,0,0,0,0,0,0,1,0,1,0,0,0,0
3783,1,20,10,34640,1.0,14,2.0,3,2,0,2,3,3,4.0,4.0,2.0,1,1,1,1,1,0,1,0,0,0,0,0,0,1,0,1,0,0,1,0,0,0,1,0,0,0,0,1,0,0,0,1,0,1,0,0,0
2672,0,30,3,57720,1.0,17,1.0,3,1,0,0,3,4,4.0,3.0,3.0,1,1,1,1,1,0,1,0,0,1,0,0,0,0,0,1,0,0,0,0,1,0,0,0,0,1,0,1,0,0,0,0,1,0,0,0,0
2226,0,41,10,109200,0.0,15,21.0,3,20,0,10,3,4,2.0,2.0,2.0,1,1,1,1,1,2,0,0,0,0,0,0,0,0,0,0,1,0,0,1,0,1,0,0,0,0,0,0,0,0,1,0,1,0,1,0,0
2715,0,39,2,138720,9.0,12,12.0,3,8,3,6,3,3,4.0,3.0,4.0,1,1,1,1,1,1,0,0,0,0,0,0,0,0,0,0,1,0,0,1,0,0,1,0,0,0,0,0,1,0,1,0,0,1,0,0,1
3250,0,41,19,137260,3.0,12,21.0,6,2,0,2,3,3,4.0,1.0,2.0,1,1,1,1,1,2,0,0,0,1,0,0,0,0,0,0,1,0,0,1,0,1,0,0,0,0,0,0,1,0,0,1,1,0,0,0,0
3915,1,31,2,21410,4.0,13,12.0,2,7,7,7,2,2,2.0,1.0,1.0,1,1,1,1,1,1,0,0,0,0,0,0,0,1,0,0,1,0,0,1,0,0,0,0,0,1,0,1,0,0,1,0,1,0,0,0,0
3007,0,33,6,161840,0.0,13,10.0,2,9,0,8,3,2,4.0,3.0,4.0,1,1,1,1,1,1,0,0,0,0,0,0,1,0,0,0,1,1,0,0,0,1,0,0,0,0,1,0,0,0,0,0,1,0,1,0,0
1628,0,35,5,119960,1.0,19,16.0,3,16,10,1,3,3,4.0,4.0,4.0,1,1,1,1,1,1,0,0,0,0,1,0,0,0,0,0,1,0,0,1,0,0,0,1,0,0,0,0,0,0,0,0,1,0,0,1,0
93,0,37,4,21440,6.0,19,17.0,3,5,0,3,2,4,4.0,3.0,4.0,1,1,1,1,1,1,1,0,0,0,0,0,1,0,0,0,1,0,1,0,0,1,0,0,0,0,0,0,1,0,1,0,1,0,0,0,0
3495,0,32,18,74460,0.0,16,7.0,3,6,0,5,3,3,2.0,4.0,2.0,1,1,1,1,1,1,0,0,0,0,0,1,0,0,0,0,1,0,1,0,0,0,0,0,0,0,1,0,0,0,0,0,0,0,0,0,0
3491,0,29,23,21270,0.0,15,10.0,3,9,0,8,3,3,4.0,2.0,3.0,1,1,1,1,1,0,1,0,1,0,0,0,0,0,0,0,1,0,0,1,0,1,0,0,0,0,1,0,0,0,0,1,0,1,1,0,0
804,0,36,1,41070,3.0,11,17.0,2,13,6,7,3,3,2.0,4.0,3.0,1,1,1,1,1,1,0,0,0,0,0,0,1,0,0,0,1,0,0,1,0,1,0,0,0,0,0,1,0,0,0,1,0,0,1,0,0
327,0,38,18,137340,0.0,13,3.0,3,2,1,2,3,3,3.0,1.0,4.0,1,1,1,1,1,1,1,0,0,0,0,0,0,1,0,0,1,1,0,0,0,0,0,1,0,0,0,0,0,0,1,0,0,1,0,0,0
394,0,54,18,136030,8.0,13,22.0,2,10,0,8,3,4,1.0,2.0,3.0,1,1,1,1,1,3,0,0,1,0,0,0,0,0,0,0,1,0,1,0,0,0,0,1,0,0,0,0,0,0,1,0,0,1,1,0,0
1621,0,50,1,134960,3.0,18,22.0,3,12,1,5,3,2,1.0,4.0,3.0,1,1,1,1,1,2,0,0,0,0,0,0,0,1,0,0,1,0,1,0,0,0,0,0,0,1,1,0,0,0,1,0,1,0,1,0,0
1953,0,50,3,27990,4.0,12,27.0,0,1,0,0,3,4,4.0,3.0,3.0,1,1,1,1,1,2,0,0,1,0,0,0,0,0,0,0,1,1,0,0,0,0,0,1,0,0,0,0,0,0,1,0,1,0,1,0,0
3065,0,34,4,45530,4.0,18,10.0,2,8,7,7,3,3,2.0,2.0,4.0,1,1,1,1,1,1,1,0,0,0,0,0,1,0,0,0,1,0,1,0,0,1,0,0,0,0,0,0,0,0,1,0,1,0,1,0,0
2423,0,22,1,129360,1.0,11,4.0,3,4,2,2,3,3,3.0,4.0,4.0,1,1,1,1,1,0,0,0,0,0,0,0,0,0,0,0,1,0,1,0,0,1,0,0,0,0,0,0,1,0,0,0,1,0,0,1,0
961,0,40,6,35440,3.0,18,15.0,3,11,5,10,3,4,4.0,3.0,4.0,1,1,1,1,1,1,0,0,0,0,0,0,1,0,0,0,1,0,0,0,0,0,0,1,0,0,0,0,0,1,1,0,1,0,0,0,1
2707,0,38,1,96190,4.0,13,10.0,2,1,0,0,3,4,4.0,4.0,4.0,1,1,1,1,1,1,0,0,0,1,0,0,0,0,0,0,1,0,1,0,0,0,0,1,0,0,0,1,0,0,0,1,1,0,1,0,0
3039,0,39,21,34470,0.0,14,9.0,5,8,1,7,3,3,2.0,2.0,4.0,1,1,1,1,1,1,1,0,0,0,0,0,0,0,0,0,1,0,0,0,0,0,0,1,0,0,1,0,0,0,0,1,1,0,0,0,0
2764,0,35,1,108550,3.0,13,17.0,2,8,1,6,3,3,1.0,4.0,3.0,1,1,1,1,1,1,1,0,0,0,0,1,0,0,0,0,1,0,1,0,0,0,0,1,0,0,0,0,0,0,0,1,1,0,1,0,0
1135,0,30,1,103060,5.0,13,8.0,5,3,2,2,3,4,4.0,4.0,4.0,1,1,1,1,1,0,0,0,0,0,0,0,0,1,0,0,1,0,1,0,0,0,0,1,0,0,0,1,0,0,0,0,1,0,0,0,0
2362,0,25,23,30690,2.0,14,6.0,3,2,2,2,3,2,2.0,4.0,4.0,1,1,1,1,1,0,0,0,0,0,0,0,1,0,0,0,1,0,0,0,0,0,0,1,0,0,0,1,0,0,1,0,0,1,1,0,0
3227,0,29,16,41630,9.0,15,8.0,4,5,1,4,3,3,3.0,4.0,4.0,1,1,1,1,1,0,0,0,0,1,0,0,0,0,0,0,1,0,0,0,0,0,0,1,0,0,1,0,0,0,0,1,1,0,1,0,0
2690,0,37,13,33880,3.0,11,4.0,2,1,0,0,3,4,4.0,4.0,1.0,1,1,1,1,1,1,1,0,0,1,0,0,0,0,0,0,1,0,1,0,0,1,0,0,0,0,0,1,0,0,0,1,1,0,0,0,0
2837,0,52,4,29110,2.0,17,26.0,3,9,7,8,3,4,4.0,3.0,3.0,1,1,1,1,1,3,1,0,1,0,0,0,0,0,0,0,1,0,0,1,0,0,0,0,1,0,0,0,0,0,1,0,1,0,0,1,0
558,0,28,2,21270,1.0,14,2.0,3,2,2,2,3,3,4.0,3.0,2.0,1,1,1,1,1,0,0,0,0,0,0,0,0,0,1,1,0,0,1,0,0,1,0,0,0,0,1,0,0,0,1,0,1,0,0,0,0
1782,0,59,3,165950,6.0,21,25.0,2,9,5,4,4,3,4.0,4.0,3.0,1,1,1,1,1,3,1,0,0,0,0,0,1,0,0,0,1,1,0,0,0,1,0,0,0,0,1,0,0,0,0,1,1,0,1,0,0
4373,1,34,18,84630,2.0,8,8.0,2,4,1,3,3,2,2.0,3.0,1.0,1,1,1,1,1,1,0,0,0,0,0,0,1,0,0,0,1,1,0,0,0,0,1,0,0,0,1,0,0,0,0,1,0,1,0,0,0
3629,0,45,19,54760,4.0,18,9.0,3,5,0,3,3,3,3.0,3.0,2.0,1,1,1,1,1,2,1,0,0,0,0,0,0,1,0,0,1,1,0,0,0,0,0,1,0,0,1,0,0,0,0,0,1,0,1,0,0
3547,0,46,7,164370,8.0,13,16.0,0,4,0,2,3,2,3.0,3.0,4.0,1,1,1,1,1,2,1,0,0,1,0,0,0,0,0,0,1,0,1,0,0,0,0,1,0,0,0,1,0,0,0,0,1,0,1,0,0
1824,0,27,2,48510,8.0,18,5.0,2,1,0,0,3,3,3.0,2.0,1.0,1,1,1,1,1,0,0,0,1,0,0,0,0,0,0,0,1,0,1,0,0,1,0,0,0,0,1,0,0,0,1,0,1,0,0,0,0
1966,0,44,8,25190,0.0,21,23.0,2,22,1,10,4,3,2.0,4.0,4.0,1,1,1,1,1,2,1,0,0,1,0,0,0,0,0,0,1,0,1,0,0,0,0,0,0,1,0,1,0,0,0,0,1,0,0,1,0
2966,0,30,16,48100,8.0,18,8.0,3,4,0,3,3,4,2.0,4.0,3.0,1,1,1,1,1,0,1,0,0,0,0,0,0,1,0,0,1,0,1,0,0,0,1,0,0,0,0,1,0,0,0,0,0,1,0,0,0
3233,0,20,14,37430,1.0,13,2.0,2,2,2,2,3,2,3.0,3.0,4.0,1,1,1,1,1,0,0,0,0,0,0,0,0,1,0,0,1,0,0,1,0,0,0,1,0,0,1,0,0,0,0,1,1,0,1,0,0
298,0,35,1,108550,3.0,13,17.0,2,8,1,6,3,4,4.0,4.0,2.0,1,1,1,1,1,1,1,0,0,0,0,1,0,0,0,0,1,0,1,0,0,0,0,1,0,0,0,0,0,0,0,1,1,0,1,0,0
285,0,29,8,34520,1.0,11,10.0,3,10,0,7,3,2,1.0,4.0,3.0,1,1,1,1,1,0,1,0,0,0,0,0,1,0,0,0,1,0,1,0,0,0,0,0,1,0,0,0,0,0,1,0,1,0,0,0,0
4389,1,31,2,21410,4.0,13,12.0,2,7,7,7,3,2,1.0,3.0,2.0,1,1,1,1,1,1,0,0,0,0,0,0,0,1,0,0,1,0,0,1,0,0,0,0,0,1,0,1,0,0,1,0,1,0,0,0,0
748,0,40,18,56660,1.0,14,18.0,2,18,14,12,3,3,1.0,1.0,2.0,1,1,1,1,1,1,1,0,1,0,0,0,0,0,0,0,1,0,0,0,0,1,0,0,0,0,0,0,0,0,1,0,1,0,1,0,0
4150,1,34,5,55620,1.0,12,9.0,3,9,0,6,2,1,4.0,3.0,3.0,1,1,1,1,1,1,0,0,0,0,0,0,0,1,0,1,0,0,0,1,0,1,0,0,0,0,0,0,0,1,0,1,0,0,0,0,0
886,0,47,2,31960,4.0,14,7.0,3,2,2,0,3,4,4.0,2.0,3.0,1,1,1,1,1,2,0,0,0,1,0,0,0,0,0,0,1,1,0,0,0,1,0,0,0,0,0,0,0,1,0,1,0,1,1,0,0
4323,1,35,2,23210,9.0,7,15.0,0,13,6,0,2,2,3.0,2.0,1.0,1,1,1,1,1,1,1,0,0,0,0,0,0,0,0,0,1,0,1,0,0,1,0,0,0,0,0,1,0,0,1,0,1,0,1,0,0
869,0,35,6,53460,0.0,14,6.0,3,5,0,3,3,4,4.0,3.0,3.0,1,1,1,1,1,1,0,0,0,0,1,0,0,0,0,0,1,0,0,0,0,0,0,0,0,1,0,1,0,0,1,0,1,0,0,0,0
4026,1,33,1,62140,1.0,16,14.0,3,13,3,8,3,3,3.0,2.0,1.0,1,1,1,1,1,1,0,0,0,0,0,0,0,1,0,1,0,1,0,0,0,1,0,0,0,0,0,0,0,0,0,1,1,0,0,1,0
3166,0,36,7,142750,3.0,18,7.0,5,3,1,2,3,4,2.0,4.0,2.0,1,1,1,1,1,1,0,0,0,0,0,0,1,0,0,0,1,0,1,0,0,0,1,0,0,0,0,0,1,0,0,1,0,1,1,0,0
318,0,42,10,22880,5.0,16,8.0,4,2,2,2,3,3,4.0,4.0,3.0,1,1,1,1,1,2,0,0,1,0,0,0,0,0,0,1,0,0,0,1,0,1,0,0,0,0,1,0,0,0,0,1,0,1,1,0,0
1398,0,45,2,44040,0.0,23,9.0,2,8,3,7,4,3,4.0,4.0,3.0,1,1,1,1,1,2,0,0,0,0,0,0,0,1,0,0,1,0,0,0,0,0,0,1,0,0,0,0,1,0,1,0,1,0,0,0,0
3454,0,39,2,47240,2.0,19,21.0,4,6,1,3,3,4,2.0,3.0,2.0,1,1,1,1,1,1,0,0,0,0,0,1,0,0,0,0,0,0,0,1,0,1,0,0,0,0,1,0,0,0,0,1,1,0,1,0,0
1904,0,28,7,59330,0.0,11,5.0,3,4,1,3,3,4,3.0,1.0,4.0,1,1,1,1,1,0,0,0,0,0,0,0,0,1,0,1,0,0,1,0,0,1,0,0,0,0,1,0,0,0,0,1,1,0,0,0,0
2915,0,34,1,26960,3.0,23,6.0,3,0,0,0,4,4,4.0,4.0,2.0,1,1,1,1,1,1,0,0,0,0,0,1,0,0,0,0,0,0,0,0,0,0,1,0,0,0,1,0,0,0,1,0,0,1,0,0,0
2773,0,36,8,86860,1.0,13,18.0,2,18,4,11,3,4,3.0,4.0,3.0,1,1,1,1,1,1,1,0,0,1,0,0,0,0,0,0,1,0,0,1,0,0,1,0,0,0,0,1,0,0,1,0,0,1,0,0,0
3952,1,34,8,56170,8.0,15,9.0,3,5,0,4,3,2,3.0,2.0,2.0,1,1,1,1,1,1,1,0,0,0,0,0,0,0,1,0,0,0,1,0,0,1,0,0,0,0,0,0,0,0,0,1,1,0,1,0,0
4053,1,52,4,25790,9.0,9,10.0,1,8,7,7,3,3,3.0,1.0,2.0,1,1,1,1,1,3,1,0,1,0,0,0,0,0,0,0,1,1,0,0,0,0,0,0,0,1,0,1,0,0,0,1,1,0,1,0,0
4392,1,31,18,40660,3.0,20,4.0,2,2,2,2,2,4,3.0,4.0,2.0,1,1,1,1,1,1,0,0,0,0,0,0,0,1,0,0,1,0,0,0,0,0,0,1,0,0,1,0,0,0,1,0,1,0,0,0,0
234,0,53,6,28590,3.0,18,32.0,2,5,1,3,3,4,4.0,3.0,3.0,1,1,1,1,1,3,1,0,1,0,0,0,0,0,0,0,1,0,0,0,0,1,0,0,0,0,1,0,0,0,1,0,1,0,1,0,0
589,0,36,13,12810,2.0,11,17.0,2,15,6,13,3,4,4.0,3.0,4.0,1,1,1,1,1,1,1,0,0,0,0,0,1,0,0,1,0,1,0,0,0,1,0,0,0,0,0,0,0,0,1,0,0,1,0,0,0
2778,0,32,8,30720,5.0,12,9.0,4,5,1,3,3,3,1.0,3.0,4.0,1,1,1,1,1,1,0,1,0,0,0,0,0,0,0,0,1,0,1,0,0,0,1,0,0,0,0,0,0,0,1,0,0,1,0,0,0
977,0,32,2,53630,1.0,13,6.0,4,6,4,1,3,4,3.0,4.0,2.0,1,1,1,1,1,1,1,0,0,0,1,0,0,0,0,0,1,1,0,0,0,0,0,0,0,1,0,1,0,0,0,1,1,0,0,0,0
4161,1,35,2,108830,3.0,8,8.0,3,1,0,1,1,3,2.0,3.0,3.0,1,1,1,1,1,1,0,0,0,0,0,1,0,0,0,0,1,0,0,1,0,1,0,0,0,0,1,0,0,0,1,0,1,0,0,0,0
1982,0,35,23,78230,1.0,13,15.0,3,14,2,9,3,3,4.0,4.0,4.0,1,1,1,1,1,1,0,0,0,0,0,0,0,1,0,0,0,0,1,0,0,0,0,1,0,0,1,0,0,0,1,0,1,0,1,0,0
2893,0,26,2,139640,1.0,11,5.0,1,5,1,3,3,2,3.0,4.0,4.0,1,1,1,1,1,0,1,0,1,0,0,0,0,0,0,1,0,0,1,0,0,0,0,1,0,0,1,0,0,0,0,0,1,0,0,1,0
4223,1,33,28,86390,5.0,13,6.0,3,3,0,2,2,3,2.0,4.0,1.0,1,1,1,1,1,1,1,1,0,0,0,0,0,0,0,0,1,0,0,0,1,1,0,0,0,0,0,0,0,0,0,1,1,0,0,1,0
797,0,34,6,21770,1.0,13,10.0,5,10,8,7,3,4,2.0,4.0,4.0,1,1,1,1,1,1,1,0,0,0,0,0,0,0,0,0,1,1,0,0,0,1,0,0,0,0,0,0,0,0,1,0,1,0,0,0,0
1915,0,23,2,49360,0.0,19,5.0,2,4,1,2,3,3,3.0,4.0,3.0,1,1,1,1,1,0,0,0,0,1,0,0,0,0,0,0,1,0,0,1,0,0,0,1,0,0,1,0,0,0,0,1,1,0,1,0,0
1639,0,50,22,33100,4.0,22,8.0,3,1,0,0,4,3,4.0,1.0,2.0,1,1,1,1,1,2,1,0,0,0,0,0,0,1,0,0,1,0,1,0,0,0,0,1,0,0,1,0,0,0,1,0,0,1,1,0,0
472,0,28,5,52530,1.0,15,3.0,2,3,0,2,3,3,3.0,2.0,3.0,1,1,1,1,1,0,1,0,0,1,0,0,0,0,0,1,0,0,0,1,0,1,0,0,0,0,0,0,0,0,0,0,0,1,0,0,0
3614,0,40,9,52950,7.0,25,15.0,4,12,2,11,3,4,3.0,4.0,3.0,1,1,1,1,1,1,1,0,1,0,0,0,0,0,0,0,1,1,0,0,0,0,0,0,0,1,0,0,1,0,1,0,1,0,0,0,0
1506,0,34,2,103120,1.0,12,6.0,2,6,1,3,3,4,2.0,4.0,4.0,1,1,1,1,1,1,1,0,0,0,0,0,0,0,1,0,1,0,1,0,0,0,1,0,0,0,0,0,0,0,0,1,0,1,0,0,0
2354,0,22,23,46630,0.0,13,3.0,1,2,2,1,3,3,3.0,2.0,3.0,1,1,1,1,1,0,1,0,0,0,0,0,0,1,0,0,1,0,0,1,0,0,0,0,0,1,0,0,0,0,1,0,0,1,1,0,0
653,0,33,8,27000,0.0,14,5.0,2,4,0,3,3,3,3.0,4.0,3.0,1,1,1,1,1,1,0,0,0,0,0,0,0,1,0,1,0,0,1,0,0,0,0,1,0,0,1,0,0,0,1,0,0,0,0,0,1
99,0,27,2,23670,2.6948303347756775,12,5.0,2,5,0,4,3,2,2.0,3.0,3.0,0,1,1,1,1,0,1,0,0,0,0,0,0,1,0,0,1,0,1,0,0,1,0,0,0,0,0,0,0,0,0,0,0,1,1,0,0
3164,0,35,8,109030,0.0,11,6.0,3,5,4,2,3,3,3.0,2.0,2.0,1,1,1,1,1,1,1,0,0,0,0,0,0,0,0,0,1,0,0,0,0,1,0,0,0,0,0,0,0,0,1,0,1,0,0,0,0
4270,1,18,2,109650,1.0,15,0.0,5,0,0,0,2,3,1.0,2.0,1.0,1,1,1,1,1,0,1,0,1,0,0,0,0,0,0,0,0,0,0,1,0,0,0,1,0,0,0,1,0,0,0,1,1,0,0,0,0
4328,1,48,12,63470,2.0,2,19.0,3,9,7,7,2,3,2.0,3.0,1.0,1,1,1,1,1,2,1,0,0,0,0,0,0,0,0,1,0,1,0,0,0,0,1,0,0,0,0,0,0,0,1,0,0,1,1,0,0
3054,0,40,11,33480,3.0,22,7.0,2,4,0,3,4,4,3.0,2.0,3.0,1,1,1,1,1,1,0,0,0,0,0,0,1,0,0,0,1,0,0,1,0,0,0,1,0,0,0,0,0,0,1,0,1,0,0,0,0
519,0,25,5,27680,0.0,22,5.0,0,4,1,1,4,4,3.0,1.0,3.0,1,1,1,1,1,0,0,0,1,0,0,0,0,0,0,0,1,1,0,0,0,0,0,1,0,0,0,0,0,0,0,1,1,0,1,0,0
843,0,53,8,20700,4.0,13,27.0,2,3,0,2,3,4,4.0,3.0,3.0,1,1,1,1,1,3,1,0,0,0,0,0,0,0,0,0,0,0,0,1,0,0,0,1,0,0,1,0,0,0,1,0,1,0,0,1,0
786,0,33,14,63850,1.0,13,7.0,6,6,1,2,3,1,2.0,4.0,4.0,1,1,1,1,1,1,0,0,0,0,0,0,0,0,0,0,0,1,0,0,0,0,0,1,0,0,1,0,0,0,0,0,1,0,0,0,0
1167,0,38,3,70820,1.0,14,2.0,3,2,2,1,3,3,3.0,4.0,4.0,1,1,1,1,1,1,1,0,0,0,1,0,0,0,0,0,1,0,0,1,0,1,0,0,0,0,0,0,0,0,0,1,0,1,0,0,0
3994,1,32,11,27410,1.0,9,1.0,5,1,0,1,3,2,4.0,1.0,2.0,1,1,1,1,1,1,0,0,1,0,0,0,0,0,0,0,1,0,0,0,0,0,0,1,0,0,0,0,0,0,0,1,1,0,1,0,0
4012,1,20,2,63970,1.0,11,1.0,3,1,0,0,2,2,1.0,1.0,2.0,1,1,1,1,1,0,0,0,0,0,0,0,1,0,0,0,1,1,0,0,0,1,0,0,0,0,1,0,0,0,0,1,1,0,1,0,0
2990,0,54,7,29830,7.0,14,33.0,2,5,1,4,3,2,4.0,4.0,4.0,1,1,1,1,1,3,1,0,0,0,0,0,0,0,1,1,0,1,0,0,0,0,0,1,0,0,1,0,0,0,0,0,1,0,1,0,0
493,0,37,11,65770,1.0,13,14.0,1,14,3,11,3,3,4.0,4.0,3.0,1,1,1,1,1,1,1,0,0,0,0,0,1,0,0,0,1,0,0,1,0,1,0,0,0,0,0,1,0,0,1,0,1,0,0,0,0
357,0,36,2,79180,2.0,12,8.0,3,6,0,1,3,4,4.0,4.0,3.0,1,1,1,1,1,1,1,0,0,0,0,0,0,1,0,0,1,0,0,1,0,0,0,0,0,1,0,0,0,0,0,1,0,0,0,1,0
3823,1,31,18,49600,1.0,8,10.0,3,10,6,7,2,3,2.0,2.0,3.0,1,1,1,1,1,1,1,0,0,0,0,0,0,1,0,0,1,1,0,0,0,1,0,0,0,0,1,0,0,0,1,0,1,0,0,0,0
1013,0,27,6,164220,1.0,20,6.0,3,6,0,3,4,4,3.0,2.0,4.0,1,1,1,1,1,0,1,0,1,0,0,0,0,0,0,0,1,1,0,0,0,0,0,1,0,0,0,0,0,0,1,0,1,0,1,0,0
3680,0,52,2,45070,1.0,12,33.0,3,33,15,12,3,4,1.0,4.0,4.0,1,1,1,1,1,3,1,0,0,0,0,0,0,1,0,0,0,0,1,0,0,0,0,0,0,1,0,0,0,0,0,1,1,0,0,0,0
3286,0,39,2,109760,1.0,11,9.0,3,9,5,8,3,3,3.0,3.0,4.0,1,1,1,1,1,1,0,0,0,0,1,0,0,0,0,0,0,0,1,0,0,1,0,0,0,0,1,0,0,0,1,0,1,0,0,0,0
2210,0,32,2,53630,1.0,13,6.0,4,6,4,1,3,4,1.0,4.0,4.0,1,1,1,1,1,1,1,0,0,0,1,0,0,0,0,0,1,1,0,0,0,0,0,0,0,1,0,1,0,0,0,1,1,0,0,0,0
2827,0,26,9,22670,1.0,19,7.0,2,7,0,7,3,3,4.0,4.0,3.0,1,1,1,1,1,0,1,0,0,0,0,0,0,0,0,1,0,0,1,0,0,0,1,0,0,0,1,0,0,0,0,1,0,1,0,0,1
839,0,55,2,73510,8.0,20,34.0,3,1,0,0,4,3,3.0,3.0,4.0,1,1,1,1,1,3,0,0,0,0,0,0,0,1,0,0,1,1,0,0,0,1,0,0,0,0,0,0,0,0,1,0,1,0,1,0,0
2534,0,29,6,25870,0.0,22,4.0,3,3,2,2,4,4,4.0,4.0,4.0,1,1,1,1,1,0,1,0,0,0,0,0,0,0,1,0,1,0,1,0,0,0,0,1,0,0,0,1,0,0,0,1,0,0,0,1,0
1295,0,43,11,38860,1.0,17,9.0,2,9,0,0,3,4,3.0,4.0,3.0,1,1,1,1,1,2,0,0,0,0,0,1,0,0,0,1,0,0,1,0,0,0,0,1,0,0,0,0,0,1,0,0,1,0,0,1,0
2396,0,45,19,54760,4.0,13,9.0,3,5,0,3,3,4,3.0,4.0,2.0,1,1,1,1,1,2,1,0,0,0,0,0,0,1,0,0,1,1,0,0,0,0,0,1,0,0,1,0,0,0,0,0,1,0,1,0,0
899,0,28,23,68520,1.0,18,1.0,2,1,0,0,3,3,3.0,3.0,3.0,1,1,1,1,1,0,1,0,1,0,0,0,0,0,0,0,1,1,0,0,0,1,0,0,0,0,1,0,0,0,1,0,1,0,1,0,0
814,0,35,6,24610,2.0,20,17.0,4,7,0,7,4,1,4.0,3.0,3.0,1,1,1,1,1,1,1,0,1,0,0,0,0,0,0,0,1,0,0,1,0,1,0,0,0,0,0,0,0,0,1,0,0,1,1,0,0
3731,1,32,8,32980,8.0,13,6.0,4,4,1,2,3,2,3.0,3.0,1.0,1,1,1,1,1,1,0,0,0,0,0,1,0,0,0,0,0,1,0,0,0,1,0,0,0,0,1,0,0,0,1,0,1,0,0,0,0
3901,1,39,1,36730,3.0,9,19.0,3,1,0,0,1,3,4.0,3.0,2.0,1,1,1,1,1,1,1,0,0,0,0,0,0,1,0,0,1,0,0,1,0,0,0,1,0,0,0,0,0,0,1,0,0,0,1,0,0
617,0,37,16,68040,4.0,13,8.0,1,3,0,2,3,1,4.0,4.0,2.0,1,1,1,1,1,1,1,0,0,1,0,0,0,0,0,0,1,0,0,0,1,1,0,0,0,0,1,0,0,0,0,1,1,0,1,0,0
2692,0,34,14,27030,1.0,21,9.0,2,8,7,7,4,3,2.0,2.0,3.0,1,1,1,1,1,1,1,0,0,0,0,0,0,0,0,0,1,0,0,0,0,0,0,1,0,0,0,0,0,0,0,1,1,0,1,0,0
3417,0,38,2,84460,0.0,15,7.0,3,6,1,2,3,4,1.0,4.0,4.0,1,1,1,1,1,1,0,0,0,0,0,0,0,1,0,1,0,0,0,0,1,0,0,1,0,0,0,0,1,0,1,0,1,0,0,0,0
4247,1,30,2,40000,4.0,5,7.0,5,5,0,1,1,1,1.0,3.0,2.0,1,1,1,1,1,0,1,0,0,0,0,0,0,0,0,0,1,0,1,0,0,1,0,0,0,0,1,0,0,0,1,0,0,1,0,0,0
3482,0,49,1,58100,1.0,14,10.0,2,10,1,7,4,4,1.0,2.0,4.0,1,1,1,1,1,2,0,0,0,0,1,0,0,0,0,1,0,0,0,1,0,1,0,0,0,0,1,0,0,0,1,0,0,1,1,0,0
736,0,45,2,58550,1.0,14,10.0,3,10,4,5,3,3,4.0,4.0,4.0,1,1,1,1,1,2,1,0,0,0,1,0,0,0,0,0,0,0,0,1,0,1,0,0,0,0,1,0,0,0,1,0,0,1,1,0,0
1910,0,54,8,37610,3.0,12,26.0,3,14,1,12,3,2,4.0,4.0,2.0,1,1,1,1,1,3,0,0,0,0,0,0,1,0,0,1,0,0,1,0,0,1,0,0,0,0,0,0,1,0,0,0,0,1,0,0,0
65,0,43,6,65000,8.0,23,10.0,3,1,0,0,4,3,1.0,2.0,2.0,1,1,1,1,1,2,0,0,0,1,0,0,0,0,0,0,1,1,0,0,0,1,0,0,0,0,1,0,0,0,1,0,1,0,0,0,0
2486,0,42,3,89260,1.0,14,20.0,4,20,11,6,3,2,1.0,4.0,1.0,1,1,1,1,1,2,1,0,0,0,1,0,0,0,0,0,1,0,0,1,0,1,0,0,0,0,0,0,0,0,1,0,1,0,0,0,0
1350,0,31,8,21870,1.0,15,13.0,2,13,3,12,3,3,1.0,3.0,4.0,1,1,1,1,1,1,1,0,0,0,0,0,0,1,0,0,1,0,0,1,0,1,0,0,0,0,0,1,0,0,1,0,1,0,1,0,0
3271,0,45,2,83960,3.0,15,25.0,3,23,14,4,3,4,3.0,2.0,4.0,1,1,1,1,1,2,0,0,0,0,1,0,0,0,0,0,0,0,1,0,0,1,0,0,0,0,1,0,0,0,1,0,0,1,0,1,0
376,0,39,1,23400,0.0,11,9.0,2,8,0,7,3,4,3.0,4.0,3.0,1,1,1,1,1,1,1,0,0,0,0,0,1,0,0,0,1,0,0,0,0,0,1,0,0,0,1,0,0,0,0,1,0,1,1,0,0
2539,0,31,5,81030,1.0,15,11.0,5,11,4,10,3,4,1.0,1.0,4.0,1,1,1,1,1,1,0,0,0,1,0,0,0,0,0,0,1,0,1,0,0,0,0,1,0,0,0,1,0,0,0,1,1,0,1,0,0
2000,0,20,14,37430,1.0,13,2.0,2,2,2,2,3,4,4.0,3.0,3.0,1,1,1,1,1,0,0,0,0,0,0,0,0,1,0,0,1,0,0,1,0,0,0,1,0,0,1,0,0,0,0,1,1,0,1,0,0
271,0,37,2,61720,0.0,11,6.0,1,5,4,3,3,3,3.0,4.0,3.0,1,1,1,1,1,1,1,0,0,0,1,0,0,0,0,0,1,0,0,1,0,0,0,0,0,1,1,0,0,0,0,0,0,1,0,0,0
659,0,57,2,61620,0.0,14,13.0,5,12,2,8,3,2,3.0,3.0,2.0,1,1,1,1,1,3,1,0,0,0,0,0,1,0,0,0,1,0,0,0,0,1,0,0,0,0,0,1,0,0,1,0,0,1,0,0,0
2520,0,27,10,28560,1.0,12,5.0,5,5,0,4,3,1,3.0,4.0,3.0,1,1,1,1,1,0,0,0,0,0,0,1,0,0,0,0,1,1,0,0,0,0,0,1,0,0,0,0,1,0,0,1,1,0,0,1,0
3507,0,44,21,47590,2.0,16,9.0,2,4,1,3,4,2,2.0,4.0,3.0,1,1,1,1,1,2,1,0,0,0,0,0,0,0,0,0,1,0,1,0,0,1,0,0,0,0,0,0,0,1,1,0,0,0,0,0,0
3323,0,40,2,25390,4.0,11,7.0,3,4,0,2,3,3,2.0,3.0,4.0,1,1,1,1,1,1,1,0,0,0,0,1,0,0,0,0,1,1,0,0,0,0,0,1,0,0,0,0,0,0,1,0,1,0,1,0,0
2171,0,34,2,46950,1.0,16,14.0,2,14,2,1,3,3,3.0,4.0,2.0,1,1,1,1,1,1,1,0,0,0,0,0,0,0,0,0,1,0,1,0,0,0,1,0,0,0,0,0,1,0,0,1,0,1,1,0,0
3270,0,36,1,41070,3.0,11,17.0,2,13,6,7,3,1,4.0,3.0,3.0,1,1,1,1,1,1,0,0,0,0,0,0,1,0,0,0,1,0,0,1,0,1,0,0,0,0,0,1,0,0,0,1,0,0,1,0,0
4262,1,35,8,61180,0.0,14,9.0,3,8,4,7,3,3,1.0,3.0,1.0,1,1,1,1,1,1,1,0,0,0,0,0,0,0,1,0,1,0,0,1,0,1,0,0,0,0,0,1,0,0,0,1,0,1,1,0,0
3120,0,34,8,192460,3.0,15,15.0,5,13,3,12,3,2,4.0,4.0,3.0,1,1,1,1,1,1,0,0,0,0,0,0,0,0,1,0,1,0,0,1,0,1,0,0,0,0,0,0,0,0,0,1,1,0,1,0,0
1425,0,37,7,20860,4.0,14,17.0,3,3,1,0,3,4,3.0,2.0,4.0,1,1,1,1,1,1,0,0,1,0,0,0,0,0,0,0,1,0,0,1,0,0,1,0,0,0,1,0,0,0,1,0,0,1,0,0,0
2904,0,38,4,63490,0.0,11,20.0,3,19,1,9,3,3,3.0,4.0,2.0,1,1,1,1,1,1,1,0,0,0,0,0,0,1,0,0,1,0,1,0,0,0,0,0,0,1,0,0,0,0,1,0,1,0,0,0,0
3831,1,39,2,43810,2.0,12,11.0,1,1,0,0,2,3,4.0,2.0,1.0,1,1,1,1,1,1,1,0,0,0,1,0,0,0,0,0,0,0,0,1,0,0,0,1,0,0,1,0,0,0,0,1,1,0,0,1,0
1429,0,38,2,20140,3.0,17,8.0,5,0,0,0,3,3,4.0,4.0,3.0,1,1,1,1,1,1,1,1,0,0,0,0,0,0,0,0,1,0,0,1,0,0,0,1,0,0,0,0,0,0,0,1,0,0,1,0,0
2818,0,31,1,121850,3.0,14,13.0,2,7,5,2,3,4,1.0,4.0,3.0,1,1,1,1,1,1,0,0,0,0,0,0,0,0,1,0,1,0,1,0,0,1,0,0,0,0,0,0,0,0,1,0,0,1,0,0,0
1702,0,42,17,22010,4.0,12,16.0,3,1,0,0,3,4,3.0,2.0,3.0,1,1,1,1,1,2,0,0,0,0,0,0,0,0,0,0,1,1,0,0,0,1,0,0,0,0,0,0,0,0,0,1,0,1,1,0,0
3979,1,42,12,50100,6.0,14,7.0,3,2,2,2,3,1,3.0,1.0,3.0,1,1,1,1,1,2,0,0,0,0,0,0,0,1,0,1,0,0,0,0,0,1,0,0,0,0,0,0,0,0,0,0,1,0,0,0,1
952,0,55,7,119160,4.0,15,35.0,3,10,1,4,3,3,2.0,3.0,4.0,1,1,1,1,1,3,1,0,1,0,0,0,0,0,0,0,1,0,1,0,0,0,1,0,0,0,1,0,0,0,1,0,0,1,1,0,0
4085,1,18,4,24790,2.6948303347756775,9,0.0,2,0,0,0,3,1,1.0,3.0,1.0,0,1,1,1,1,0,1,0,0,0,0,1,0,0,0,1,0,0,0,0,1,0,0,1,0,0,0,0,0,0,0,1,1,0,1,0,0
2314,0,46,7,164370,8.0,15,16.0,0,4,0,2,3,2,3.0,4.0,2.0,1,1,1,1,1,2,1,0,0,1,0,0,0,0,0,0,1,0,1,0,0,0,0,1,0,0,0,1,0,0,0,0,1,0,1,0,0
2263,0,22,6,108510,1.0,16,1.0,2,1,0,0,3,3,1.0,3.0,3.0,1,1,1,1,1,0,0,0,0,0,0,0,0,1,0,0,0,0,1,0,0,1,0,0,0,0,0,1,0,0,0,0,1,0,1,0,0
444,0,28,1,63470,1.0,15,4.0,2,4,2,2,3,2,3.0,3.0,3.0,1,1,1,1,1,0,1,0,0,0,0,0,1,0,0,0,1,0,0,0,0,0,0,0,0,0,1,0,0,0,0,0,0,0,1,0,0
3055,0,36,13,12810,2.0,11,17.0,2,15,6,13,3,4,4.0,3.0,3.0,1,1,1,1,1,1,1,0,0,0,0,0,1,0,0,1,0,1,0,0,0,1,0,0,0,0,0,0,0,0,1,0,0,1,0,0,0
2668,0,44,2,40110,4.0,14,26.0,2,2,0,1,1,3,4.0,4.0,4.0,1,1,1,1,1,2,1,0,1,0,0,0,0,0,0,0,1,1,0,0,0,1,0,0,0,0,0,0,0,0,1,0,1,0,1,0,0
3306,0,33,11,108200,5.0,19,11.0,2,9,1,7,3,4,2.0,4.0,3.0,1,1,1,1,1,1,1,0,0,0,0,0,1,0,0,0,0,0,1,0,0,0,0,0,1,0,0,0,0,0,0,0,1,0,0,0,0
3615,0,34,19,164130,6.0,16,6.0,1,4,1,2,3,3,4.0,2.0,3.0,1,1,1,1,1,1,1,0,0,0,1,0,0,0,0,1,0,0,0,1,0,0,1,0,0,0,1,0,0,0,1,0,0,1,0,0,0
1025,0,29,23,21270,0.0,11,10.0,3,9,0,8,3,3,3.0,4.0,3.0,1,1,1,1,1,0,1,0,1,0,0,0,0,0,0,0,1,0,0,1,0,1,0,0,0,0,1,0,0,0,0,1,0,1,1,0,0
3240,0,43,2,24220,1.0,11,14.0,2,14,6,11,3,2,1.0,4.0,3.0,1,1,1,1,1,2,0,0,0,0,0,0,1,0,0,0,1,0,0,1,0,1,0,0,0,0,0,0,0,0,1,0,1,0,1,0,0
1369,0,38,2,49070,1.0,11,1.0,3,1,0,0,3,1,2.0,2.0,3.0,1,1,1,1,1,1,0,0,0,0,0,0,0,1,0,1,0,0,1,0,0,0,1,0,0,0,1,0,0,0,1,0,0,1,1,0,0
900,0,36,9,131910,1.0,14,10.0,2,10,1,7,3,4,3.0,3.0,3.0,1,1,1,1,1,1,1,0,0,0,0,0,0,1,0,0,1,0,1,0,0,1,0,0,0,0,0,0,0,0,1,0,1,0,1,0,0
1619,0,45,2,66440,1.0,12,9.0,3,9,0,8,3,3,2.0,4.0,3.0,1,1,1,1,1,2,0,0,0,0,0,0,0,1,0,0,0,0,1,0,0,0,0,1,0,0,0,0,0,0,1,0,0,1,0,0,0
2943,0,35,5,31020,1.0,13,6.0,3,5,1,4,3,2,4.0,4.0,3.0,1,1,1,1,1,1,0,0,1,0,0,0,0,0,0,0,1,0,1,0,0,1,0,0,0,0,0,1,0,0,0,1,1,0,1,0,0
2198,0,47,1,42490,2.0,13,25.0,2,17,12,11,3,3,1.0,4.0,2.0,1,1,1,1,1,2,1,0,0,0,0,0,0,1,0,0,1,0,0,1,0,1,0,0,0,0,1,0,0,0,0,1,1,0,1,0,0
1026,0,31,2,39750,1.0,15,5.0,3,5,4,3,3,2,4.0,3.0,3.0,1,1,1,1,1,1,1,0,1,0,0,0,0,0,0,0,1,1,0,0,0,0,0,1,0,0,1,0,0,0,0,0,1,0,1,0,0
3095,0,27,9,66320,0.0,16,6.0,3,5,1,4,3,4,4.0,4.0,2.0,1,1,1,1,1,0,1,0,0,0,0,0,0,1,0,0,1,0,0,1,0,0,0,1,0,0,0,0,1,0,1,0,0,0,0,0,0
3403,0,36,1,28380,1.0,16,5.0,5,5,0,2,3,3,4.0,3.0,3.0,1,1,1,1,1,1,1,0,0,0,0,0,1,0,0,0,0,0,1,0,0,1,0,0,0,0,1,0,0,0,1,0,1,0,0,1,0
1151,0,27,2,27830,6.0,16,6.0,2,2,2,2,3,2,4.0,3.0,3.0,1,1,1,1,1,0,1,0,0,0,0,0,0,0,0,0,0,0,1,0,0,0,0,1,0,0,0,0,0,0,0,0,1,0,1,0,0
2297,0,38,20,163280,1.0,17,10.0,2,10,9,9,3,2,4.0,4.0,2.0,1,1,1,1,1,1,1,0,0,0,1,0,0,0,0,1,0,0,1,0,0,0,0,1,0,0,1,0,0,0,0,1,1,0,0,0,1
1855,0,54,1,22970,6.0,18,29.0,2,20,12,7,3,3,4.0,4.0,4.0,1,1,1,1,1,3,0,0,0,1,0,0,0,0,0,0,1,0,1,0,0,0,0,1,0,0,1,0,0,0,0,1,0,1,0,1,0
1705,0,28,5,52530,1.0,15,3.0,2,3,0,2,3,4,1.0,3.0,4.0,1,1,1,1,1,0,1,0,0,1,0,0,0,0,0,1,0,0,0,1,0,1,0,0,0,0,0,0,0,0,0,0,0,1,0,0,0
4110,1,46,12,44220,4.0,9,13.0,2,9,3,7,3,2,1.0,3.0,2.0,1,1,1,1,1,2,1,0,0,0,0,0,0,1,0,0,1,0,1,0,0,0,0,1,0,0,0,0,0,0,1,0,1,0,1,0,0
2175,0,32,2,62090,5.0,17,9.0,5,5,1,2,3,3,2.0,2.0,4.0,1,1,1,1,1,1,1,0,0,1,0,0,0,0,0,0,0,0,0,0,0,1,0,0,0,0,0,1,0,0,0,0,1,0,1,0,0
2987,0,42,6,106480,3.0,13,20.0,1,1,0,0,3,4,2.0,3.0,4.0,1,1,1,1,1,2,1,0,0,0,0,0,0,1,0,1,0,1,0,0,0,0,0,1,0,0,0,0,0,0,1,0,0,0,1,0,0
2620,0,35,10,28090,4.0,23,11.279936378095888,2,8,0,0,4,3,4.0,4.0,3.0,1,0,1,1,1,1,0,0,0,0,0,0,0,0,1,0,1,1,0,0,0,0,0,1,0,0,1,0,0,0,1,0,1,0,1,0,0
1156,0,41,6,68420,4.0,12,13.0,3,9,1,8,3,3,2.0,3.0,4.0,1,1,1,1,1,2,1,0,1,0,0,0,0,0,0,0,1,0,0,1,0,0,1,0,0,0,0,0,1,0,0,0,0,1,1,0,0
1332,0,27,2,23670,1.0,12,5.0,2,5,0,4,3,3,1.0,3.0,3.0,1,1,1,1,1,0,1,0,0,0,0,0,0,1,0,0,1,0,1,0,0,1,0,0,0,0,0,0,0,0,0,0,0,1,1,0,0
2324,0,40,5,60770,1.0,16,22.0,2,22,11,11,3,3,4.0,2.0,4.0,1,1,1,1,1,1,1,0,0,0,0,0,0,0,0,1,0,0,1,0,0,0,0,1,0,0,0,0,0,0,1,0,1,0,0,1,0
2156,0,39,6,188240,6.0,19,10.0,4,3,1,2,3,2,4.0,4.0,4.0,1,1,1,1,1,1,0,0,0,0,0,0,0,0,1,0,0,0,0,0,1,0,0,1,0,0,1,0,0,0,1,0,1,0,1,0,0
3669,0,38,1,64720,0.0,13,17.0,4,16,5,13,3,2,2.0,2.0,3.0,1,1,1,1,1,1,1,0,1,0,0,0,0,0,0,0,1,1,0,0,0,0,0,1,0,0,0,0,1,0,0,0,1,0,0,0,0
48,0,33,7,193920,6.0,12,12.0,3,10,8,8,3,4,4.0,3.0,3.0,1,1,1,1,1,1,1,0,0,0,0,1,0,0,0,1,0,0,1,0,0,1,0,0,0,0,0,0,1,0,1,0,1,0,1,0,0
429,0,54,4,24780,6.0,11,13.0,0,9,7,0,3,1,4.0,3.0,4.0,1,1,1,1,1,3,0,0,0,0,1,0,0,0,0,0,1,0,1,0,0,0,0,1,0,0,1,0,0,0,1,0,1,0,0,0,0
4268,1,50,1,159920,3.0,13,5.0,3,0,0,0,3,2,2.0,4.0,1.0,1,1,1,1,1,2,1,0,0,0,0,0,1,0,0,1,0,0,0,1,0,0,0,1,0,0,1,0,0,0,0,1,1,0,0,0,0
161,0,40,12,25710,7.0,14,22.0,1,20,5,13,3,2,4.0,4.0,4.0,1,1,1,1,1,1,0,0,1,0,0,0,0,0,0,0,1,0,1,0,0,1,0,0,0,0,1,0,0,0,0,1,1,0,0,0,0
1459,0,34,14,27030,1.0,21,9.0,2,8,7,7,4,2,4.0,3.0,3.0,1,1,1,1,1,1,1,0,0,0,0,0,0,0,0,0,1,0,0,0,0,0,0,1,0,0,0,0,0,0,0,1,1,0,1,0,0
2393,0,27,4,47350,0.0,13,6.0,2,5,1,1,3,4,4.0,3.0,3.0,1,1,1,1,1,0,1,0,0,0,0,0,0,0,0,0,1,0,0,1,0,0,0,1,0,0,1,0,0,0,1,0,1,0,0,0,0
2880,0,33,7,12000,0.0,11,3.0,3,2,2,2,3,3,4.0,3.0,4.0,1,1,1,1,1,1,1,0,0,0,0,0,0,0,1,0,0,1,0,0,0,0,0,0,0,1,0,0,0,1,0,1,0,1,1,0,0
170,0,41,18,26700,2.0,15,10.0,2,8,0,7,2,3,2.0,4.0,4.0,1,1,1,1,1,2,1,0,0,0,1,0,0,0,0,0,0,0,1,0,0,1,0,0,0,0,1,0,0,0,0,1,1,0,0,1,0
3047,0,40,3,94340,1.0,13,9.0,3,9,8,8,3,4,3.0,4.0,3.0,1,1,1,1,1,1,1,0,0,0,0,0,0,1,0,0,1,0,1,0,0,0,0,1,0,0,1,0,0,0,0,1,0,1,1,0,0
1837,0,51,16,148140,2.0,11,14.0,2,4,3,2,3,3,4.0,2.0,3.0,1,1,1,1,1,3,1,0,0,0,0,0,0,1,0,1,0,0,1,0,0,0,0,1,0,0,1,0,0,0,1,0,1,0,1,0,0
3188,0,36,17,23290,3.0,15,9.0,2,3,0,2,3,3,3.0,4.0,4.0,1,1,1,1,1,1,1,1,0,0,0,0,0,0,0,1,0,0,1,0,0,1,0,0,0,0,1,0,0,0,1,0,0,1,0,0,0
1302,0,30,8,55070,1.0,12,10.0,2,10,1,2,3,3,4.0,3.0,3.0,1,1,1,1,1,0,1,0,0,0,0,0,1,0,0,0,1,0,1,0,0,1,0,0,0,0,1,0,0,0,0,0,1,0,0,1,0
3729,1,18,2,34680,1.0,15,0.0,4,0,0,0,3,2,3.0,2.0,1.0,1,1,1,1,1,0,1,0,0,0,0,0,0,1,0,1,0,0,1,0,0,0,0,0,0,1,0,0,0,0,0,1,1,0,0,1,0
1184,0,38,6,49300,9.0,14,14.0,0,1,0,0,3,4,1.0,3.0,3.0,1,1,1,1,1,1,1,0,0,0,0,0,1,0,0,0,1,1,0,0,0,0,1,0,0,0,0,0,0,1,1,0,0,1,0,0,0
2382,0,34,19,164130,6.0,16,6.0,1,4,1,2,3,3,4.0,4.0,4.0,1,1,1,1,1,1,1,0,0,0,1,0,0,0,0,1,0,0,0,1,0,0,1,0,0,0,1,0,0,0,1,0,0,1,0,0,0
3366,0,36,9,131910,1.0,14,10.0,2,10,1,7,3,3,2.0,2.0,4.0,1,1,1,1,1,1,1,0,0,0,0,0,0,1,0,0,1,0,1,0,0,1,0,0,0,0,0,0,0,0,1,0,1,0,1,0,0
1743,0,20,14,84120,1.0,13,2.0,2,2,2,2,3,3,4.0,4.0,3.0,1,1,1,1,1,0,1,1,0,0,0,0,0,0,0,0,1,0,0,1,0,0,0,1,0,0,0,0,0,0,0,1,1,0,0,0,0
174,0,37,6,41930,4.0,16,12.0,5,6,1,2,3,4,4.0,4.0,3.0,1,1,1,1,1,1,1,0,0,0,0,0,0,1,0,0,1,0,0,0,0,1,0,0,0,0,0,0,0,0,0,1,1,0,1,0,0
2186,0,31,5,45340,1.0,13,1.0,2,1,0,0,3,4,4.0,4.0,3.0,1,1,1,1,1,1,1,0,0,0,1,0,0,0,0,0,1,0,1,0,0,0,0,0,1,0,0,0,0,0,0,0,0,1,0,0,0
202,0,44,2,40110,4.0,14,26.0,2,2,0,1,3,3,2.0,4.0,3.0,1,1,1,1,1,2,1,0,1,0,0,0,0,0,0,0,1,1,0,0,0,1,0,0,0,0,0,0,0,0,1,0,1,0,1,0,0
646,0,40,20,31490,2.0,15,16.0,1,9,4,8,3,3,4.0,4.0,4.0,1,1,1,1,1,1,0,0,0,0,0,0,0,1,0,0,0,0,0,1,0,0,0,0,1,0,0,0,0,0,0,0,1,0,1,0,0
2547,0,42,6,22260,0.0,12,4.0,3,3,1,0,3,4,4.0,4.0,2.0,1,1,1,1,1,2,1,0,0,0,0,0,1,0,0,0,1,0,0,1,0,0,0,1,0,0,0,1,0,0,0,0,0,1,1,0,0
4005,1,37,12,30720,5.0,13,17.0,3,14,11,7,1,2,2.0,2.0,2.0,1,1,1,1,1,1,0,1,0,0,0,0,0,0,0,0,1,0,0,1,0,0,1,0,0,0,0,1,0,0,1,0,0,1,0,0,0
2331,0,28,7,23670,1.0,13,5.0,2,5,0,4,3,4,4.0,2.0,3.0,1,1,1,1,1,0,1,0,1,0,0,0,0,0,0,0,0,0,0,1,0,0,0,1,0,0,1,0,0,0,1,0,0,1,0,0,0
2141,0,40,2,68330,2.0,13,22.0,3,19,11,16,3,4,4.0,4.0,1.0,1,1,1,1,1,1,1,0,0,0,0,0,0,1,0,0,1,0,1,0,0,0,0,0,1,0,0,0,0,0,0,0,1,0,0,0,0
4173,1,31,12,41890,0.0,18,6.0,3,5,1,4,3,2,3.0,4.0,3.0,1,1,1,1,1,1,0,0,0,0,0,0,1,0,0,1,0,0,0,0,0,1,0,0,0,0,0,0,0,0,0,1,1,0,1,0,0
1143,0,45,1,25800,8.0,17,20.0,3,17,0,15,3,2,3.0,2.0,2.0,1,1,1,1,1,2,1,0,0,0,0,0,1,0,0,0,1,0,0,1,0,0,0,0,0,1,0,0,0,0,0,0,0,1,0,0,1
3428,0,25,16,85000,4.0,11,6.0,2,2,1,2,3,4,3.0,4.0,4.0,1,1,1,1,1,0,0,0,1,0,0,0,0,0,0,0,1,0,0,0,1,0,0,1,0,0,1,0,0,0,1,0,0,1,0,0,0
3515,0,27,19,31720,1.0,14,9.0,1,9,1,7,4,3,4.0,4.0,4.0,1,1,1,1,1,0,1,0,0,0,0,0,0,0,0,1,0,0,1,0,0,1,0,0,0,0,0,0,1,0,0,1,0,1,1,0,0
3766,1,20,35,27070,1.0,4,1.0,2,1,0,0,2,2,3.0,3.0,2.0,1,1,1,1,1,0,0,0,1,0,0,0,0,0,0,0,1,0,1,0,0,1,0,0,0,0,0,1,0,0,0,1,1,0,0,0,0
187,0,25,2,190940,1.0,16,7.0,3,7,0,6,3,4,2.0,3.0,3.0,1,1,1,1,1,0,1,0,0,0,0,0,1,0,0,0,1,0,1,0,0,1,0,0,0,0,0,0,0,0,1,0,1,0,0,0,0
2172,0,34,15,33390,1.0,16,9.0,2,8,1,1,3,3,4.0,3.0,3.0,1,1,1,1,1,1,0,0,0,0,0,1,0,0,0,0,1,0,1,0,0,0,0,0,0,1,0,0,0,0,0,0,1,0,0,0,0
777,0,33,6,109990,1.0,18,6.0,3,6,0,4,3,4,4.0,3.0,4.0,1,1,1,1,1,1,1,0,0,0,0,0,0,1,0,0,1,0,1,0,0,0,0,1,0,0,0,0,0,1,0,0,1,0,0,0,1
3550,0,55,2,74410,3.0,14,24.0,4,1,1,0,3,3,4.0,4.0,4.0,1,1,1,1,1,3,0,0,1,0,0,0,0,0,0,0,1,0,1,0,0,1,0,0,0,0,1,0,0,0,1,0,1,0,1,0,0
1475,0,44,6,135030,2.0,12,9.0,6,5,1,4,3,3,4.0,3.0,3.0,1,1,1,1,1,2,1,0,0,0,0,0,1,0,0,0,0,1,0,0,0,1,0,0,0,0,0,0,0,0,0,1,1,0,0,0,0
2124,0,46,18,34910,2.0,14,25.0,0,19,2,8,3,3,4.0,4.0,3.0,1,1,1,1,1,2,1,0,1,0,0,0,0,0,0,0,1,0,0,0,0,1,0,0,0,0,1,0,0,0,0,0,1,0,0,0,0
3211,0,21,2,170990,1.0,14,3.0,2,2,2,2,3,3,3.0,4.0,4.0,1,1,1,1,1,0,0,0,1,0,0,0,0,0,0,0,1,0,0,0,0,1,0,0,0,0,0,0,0,0,0,1,1,0,1,0,0
2752,0,35,8,26320,3.0,13,7.0,3,2,2,2,3,3,1.0,3.0,4.0,1,1,1,1,1,1,0,0,0,0,0,0,1,0,0,0,1,0,0,1,0,0,1,0,0,0,0,0,0,0,0,1,0,1,0,0,1
2678,0,35,8,134580,1.0,11,17.0,3,17,11,8,3,3,4.0,4.0,3.0,1,1,1,1,1,1,0,0,1,0,0,0,0,0,0,0,1,0,0,0,1,0,0,1,0,0,0,0,1,0,0,1,1,0,0,0,0
181,0,37,1,39440,6.0,11,8.0,3,6,4,3,3,2,1.0,4.0,4.0,1,1,1,1,1,1,0,0,0,0,0,0,1,0,0,0,1,0,0,1,0,0,0,0,0,1,0,0,0,1,1,0,1,0,0,1,0
2454,0,31,6,24370,9.0,14,9.0,3,2,2,2,3,2,3.0,3.0,2.0,1,1,1,1,1,1,1,0,0,0,0,0,1,0,0,1,0,0,0,1,0,0,0,1,0,0,0,0,0,0,0,0,1,0,1,0,0
2897,0,36,3,44780,0.0,18,15.0,3,14,7,8,3,3,4.0,4.0,4.0,1,1,1,1,1,1,0,1,0,0,0,0,0,0,0,0,1,1,0,0,0,1,0,0,0,0,1,0,0,0,0,1,1,0,1,0,0
2839,0,30,2,64340,5.0,14,10.0,3,8,7,7,3,2,3.0,2.0,4.0,1,1,1,1,1,0,1,0,0,0,0,0,0,1,0,0,1,0,0,1,0,0,1,0,0,0,0,0,0,0,0,0,0,1,1,0,0
2033,0,43,20,22200,1.0,11,10.0,2,10,8,8,3,2,4.0,3.0,3.0,1,1,1,1,1,2,1,0,0,0,0,0,0,1,0,0,1,0,0,1,0,1,0,0,0,0,1,0,0,0,1,0,1,0,0,0,0
2321,0,23,8,64390,3.0,22,3.0,2,0,0,0,4,4,3.0,2.0,4.0,1,1,1,1,1,0,1,0,1,0,0,0,0,0,0,0,1,0,1,0,0,0,0,1,0,0,1,0,0,0,0,0,1,0,0,0,1
4207,1,30,11,68250,1.0,12,1.0,2,1,0,0,2,3,1.0,1.0,1.0,1,1,1,1,1,0,1,0,0,0,0,0,0,0,0,1,0,0,1,0,0,0,0,0,1,0,1,0,0,0,1,0,1,0,0,0,0
1421,0,34,5,102480,1.0,12,6.0,4,6,1,3,3,3,4.0,3.0,4.0,1,1,1,1,1,1,1,0,0,0,0,1,0,0,0,0,1,1,0,0,0,1,0,0,0,0,0,0,1,0,1,0,0,1,1,0,0
2192,0,23,6,191870,1.0,11,5.0,2,5,1,4,3,2,4.0,4.0,2.0,1,1,1,1,1,0,1,0,0,0,0,0,1,0,0,0,1,0,1,0,0,1,0,0,0,0,1,0,0,0,0,1,1,0,1,0,0
3596,0,30,17,104350,0.0,16,12.0,5,11,4,7,3,4,4.0,4.0,4.0,1,1,1,1,1,0,1,0,1,0,0,0,0,0,0,0,1,0,0,0,0,0,0,1,0,0,1,0,0,0,1,0,1,0,0,0,0
1129,0,25,23,30690,2.0,14,6.0,3,2,2,2,3,4,2.0,3.0,4.0,1,1,1,1,1,0,0,0,0,0,0,0,1,0,0,0,1,0,0,0,0,0,0,1,0,0,0,1,0,0,1,0,0,1,1,0,0
128,0,52,21,33750,2.0,21,28.0,2,5,0,4,4,3,4.0,4.0,3.0,1,1,1,1,1,3,0,0,0,0,0,0,0,0,1,0,1,1,0,0,0,1,0,0,0,0,1,0,0,0,1,0,1,0,0,0,0
570,0,28,1,56790,0.0,13,10.0,2,9,7,5,3,4,3.0,4.0,2.0,1,1,1,1,1,0,1,0,0,0,0,0,0,1,0,0,0,0,1,0,0,0,0,1,0,0,0,0,0,1,1,0,1,0,0,0,0
1587,0,49,20,43450,4.0,15,29.0,3,26,1,7,3,4,3.0,4.0,4.0,1,1,1,1,1,2,0,0,0,0,0,0,0,1,0,0,1,1,0,0,0,1,0,0,0,0,1,0,0,0,1,0,1,0,0,0,0
1177,0,52,2,35370,0.0,11,34.0,3,33,11,9,3,3,2.0,4.0,4.0,1,1,1,1,1,3,0,0,0,0,0,0,0,0,1,0,1,0,0,1,0,0,0,1,0,0,1,0,0,0,1,0,1,0,1,0,0
3326,0,38,5,73360,5.0,18,13.0,3,11,3,8,3,3,4.0,4.0,3.0,1,1,1,1,1,1,1,0,0,0,0,0,0,1,0,0,0,0,0,1,0,0,1,0,0,0,0,1,0,0,0,0,0,1,0,0,0
3874,1,31,2,21680,0.0,11,2.0,2,1,0,0,1,1,3.0,1.0,2.0,1,1,1,1,1,1,1,0,1,0,0,0,0,0,0,0,1,0,1,0,0,1,0,0,0,0,0,1,0,0,1,0,1,0,1,0,0
3285,0,31,2,46210,2.0,18,9.0,3,5,1,4,3,4,2.0,3.0,3.0,1,1,1,1,1,1,1,0,0,0,0,0,0,1,0,1,0,0,1,0,0,0,1,0,0,0,1,0,0,0,0,1,0,1,1,0,0
182,0,49,17,40110,1.0,18,31.0,2,31,0,9,3,4,2.0,2.0,3.0,1,1,1,1,1,2,1,0,0,0,0,0,0,1,0,0,1,0,0,0,0,1,0,0,0,0,0,0,0,0,0,0,0,1,0,1,0
592,0,51,3,40280,3.0,14,29.0,3,5,0,3,3,2,3.0,3.0,3.0,1,1,1,1,1,3,0,0,0,0,1,0,0,0,0,0,1,0,0,0,0,0,0,1,0,0,0,1,0,0,0,1,1,0,0,0,0
262,0,23,18,173280,1.0,17,2.0,2,2,0,2,3,4,3.0,3.0,3.0,1,1,1,1,1,0,0,0,0,0,0,0,1,0,0,0,1,0,0,0,0,1,0,0,0,0,1,0,0,0,0,1,1,0,1,0,0
2925,0,40,1,22130,1.0,17,21.0,4,20,4,9,3,2,2.94709236031927,4.0,3.0,1,1,0,1,1,1,1,0,0,0,0,0,0,0,0,0,1,0,0,0,0,1,0,0,0,0,0,0,0,0,0,1,1,0,0,0,0
159,0,41,2,99360,7.0,17,16.0,2,14,1,10,3,3,3.0,3.0,3.0,1,1,1,1,1,2,0,0,0,0,0,0,1,0,0,0,0,1,0,0,0,1,0,0,0,0,1,0,0,0,0,1,1,0,1,0,0
3681,0,32,10,85640,2.0,13,6.0,2,4,1,2,3,4,2.94709236031927,3.0,2.0,1,1,0,1,1,1,0,0,0,0,1,0,0,0,0,0,1,0,0,1,0,1,0,0,0,0,0,1,0,0,1,0,0,0,1,0,0
584,0,51,14,77250,1.0,13,33.0,2,33,0,10,3,1,4.0,4.0,3.0,1,1,1,1,1,3,1,0,0,0,1,0,0,0,0,0,1,1,0,0,0,1,0,0,0,0,0,0,1,0,0,0,0,1,1,0,0
1693,0,21,1,26100,1.0,11,2.0,3,2,2,2,3,4,3.0,4.0,4.0,1,1,1,1,1,0,0,0,0,0,0,0,1,0,0,0,1,0,0,1,0,1,0,0,0,0,0,0,0,0,0,1,1,0,1,0,0
1354,0,37,1,20080,3.0,22,15.0,5,13,10,7,4,4,4.0,3.0,4.0,1,1,1,1,1,1,1,0,1,0,0,0,0,0,0,0,0,0,1,0,0,0,0,1,0,0,0,1,0,0,1,0,1,0,0,0,0
2292,0,35,12,65490,1.0,20,9.0,3,9,1,8,4,3,4.0,2.0,3.0,1,1,1,1,1,1,1,0,0,0,1,0,0,0,0,1,0,0,1,0,0,0,0,1,0,0,0,1,0,0,1,0,1,0,0,0,0
1452,0,25,9,100960,0.0,11,4.0,3,3,1,2,3,4,3.0,4.0,3.0,1,1,1,1,1,0,1,0,0,0,1,0,0,0,0,0,1,0,1,0,0,0,0,1,0,0,1,0,0,0,1,0,1,0,1,0,0
3737,1,20,1,61620,1.0,4,1.0,2,1,1,1,2,2,2.0,3.0,3.0,1,1,1,1,1,0,1,0,0,0,0,0,0,0,1,0,1,0,1,0,0,1,0,0,0,0,0,0,0,1,0,1,1,0,0,0,1
409,0,41,15,58280,1.0,13,21.0,0,21,5,10,3,4,3.0,4.0,4.0,1,1,1,1,1,2,1,0,0,0,0,0,1,0,0,0,0,0,0,0,0,1,0,0,0,0,1,0,0,0,0,0,1,0,0,0,0
3893,1,50,5,167990,7.0,14,12.0,2,6,0,1,2,3,3.0,4.0,2.0,1,1,1,1,1,2,0,0,1,0,0,0,0,0,0,1,0,1,0,0,0,1,0,0,0,0,1,0,0,0,0,0,0,1,1,0,0
2950,0,40,21,194060,3.0,20,16.0,2,1,0,0,4,2,4.0,4.0,4.0,1,1,1,1,1,1,1,0,0,0,0,0,1,0,0,1,0,0,0,1,0,1,0,0,0,0,1,0,0,0,1,0,1,0,0,0,1
3538,0,59,8,23080,7.0,21,20.0,4,4,1,3,3,4,2.0,4.0,3.0,1,1,1,1,1,3,1,0,0,0,0,0,1,0,0,1,0,0,0,1,0,1,0,0,0,0,0,1,0,0,0,1,1,0,1,0,0
3043,0,55,9,83810,4.0,15,23.0,3,19,9,11,3,3,4.0,4.0,4.0,1,1,1,1,1,3,1,0,0,0,1,0,0,0,0,0,1,0,1,0,0,0,0,0,0,1,1,0,0,0,1,0,0,1,1,0,0
2071,0,42,1,174650,8.0,13,7.0,3,5,0,4,3,4,2.0,4.0,1.0,1,1,1,1,1,2,0,0,0,0,0,0,0,0,0,0,1,0,1,0,0,0,0,0,1,0,0,0,0,0,0,0,0,0,1,0,0
935,0,28,17,79780,1.0,16,5.0,2,5,1,4,3,4,4.0,3.0,3.0,1,1,1,1,1,0,1,0,0,0,0,0,1,0,0,0,0,0,0,0,0,0,0,1,0,0,0,1,0,0,0,1,1,0,0,1,0
3165,0,32,18,29730,3.0,22,12.0,0,7,2,5,4,4,2.0,4.0,1.0,1,1,1,1,1,1,1,0,0,0,0,0,0,1,0,0,1,0,0,1,0,0,0,1,0,0,0,0,0,0,1,0,1,0,0,0,0
1735,0,50,20,32020,2.0,24,32.0,2,2,2,2,4,4,4.0,3.0,3.0,1,1,1,1,1,2,0,0,0,0,0,0,0,0,0,1,0,0,0,1,0,1,0,0,0,0,1,0,0,0,1,0,1,0,1,0,0
486,0,34,5,43060,0.0,11,14.0,2,13,4,9,3,4,2.0,2.0,3.0,1,1,1,1,1,1,1,0,0,0,0,1,0,0,0,1,0,1,0,0,0,1,0,0,0,0,0,0,0,0,0,1,1,0,0,0,0
4238,1,25,1,32120,1.0,10,1.0,3,1,0,0,2,2,2.0,2.0,1.0,1,1,1,1,1,0,1,0,0,0,0,0,0,1,0,0,1,1,0,0,0,1,0,0,0,0,0,0,0,0,1,0,1,0,1,0,0
1293,0,33,3,47880,3.0,11,9.0,0,7,0,1,3,3,2.0,3.0,3.0,1,1,1,1,1,1,1,0,0,0,0,0,1,0,0,1,0,1,0,0,0,1,0,0,0,0,0,0,1,0,0,1,0,1,1,0,0
197,0,43,3,34190,3.0,11,10.0,5,8,4,7,3,3,1.0,3.0,1.0,1,1,1,1,1,2,0,0,0,0,0,0,0,0,0,1,0,0,1,0,0,0,0,1,0,0,1,0,0,0,0,0,0,1,1,0,0
2691,0,50,4,54730,1.0,19,20.0,2,20,3,8,3,3,4.0,3.0,3.0,1,1,1,1,1,2,1,0,1,0,0,0,0,0,0,0,1,0,1,0,0,0,0,1,0,0,0,0,0,0,1,0,0,1,1,0,0
2215,0,32,14,63770,1.0,12,14.0,3,14,5,7,3,2,1.0,4.0,2.0,1,1,1,1,1,1,1,0,0,1,0,0,0,0,0,0,1,0,1,0,0,1,0,0,0,0,1,0,0,0,1,0,1,0,0,1,0
907,0,36,4,177790,1.0,17,10.0,5,10,0,8,3,2,1.0,4.0,4.0,1,1,1,1,1,1,0,0,0,0,1,0,0,0,0,1,0,0,1,0,0,0,0,1,0,0,0,0,1,0,0,1,1,0,1,0,0
3542,0,36,2,43200,2.6948303347756775,14,5.0,2,1,0,0,3,2,3.0,3.0,2.0,0,1,1,1,1,1,1,0,0,0,0,0,0,0,1,0,1,0,1,0,0,1,0,0,0,0,1,0,0,0,1,0,1,0,0,0,0
1908,0,33,12,62010,2.0,15,14.0,2,0,0,0,3,4,4.0,3.0,4.0,1,1,1,1,1,1,0,0,0,0,0,0,0,1,0,0,1,0,0,1,0,1,0,0,0,0,0,0,0,0,0,1,1,0,0,0,1
3721,1,29,23,17900,5.0,7,6.0,4,2,1,1,1,3,1.0,3.0,2.0,1,1,1,1,1,0,1,0,0,0,0,0,1,0,0,0,1,0,0,1,0,1,0,0,0,0,0,1,0,0,1,0,1,0,1,0,0
2979,0,60,2,25640,0.0,14,12.0,3,11,1,9,3,2,3.0,3.0,4.0,1,1,1,1,1,3,1,0,0,0,0,0,0,1,0,0,1,1,0,0,0,1,0,0,0,0,1,0,0,0,0,0,0,1,1,0,0
55,0,31,19,10810,4.0,11,13.0,4,7,1,7,1,3,4.0,3.0,4.0,1,1,1,1,1,1,1,0,0,0,0,0,0,0,0,0,1,0,1,0,0,1,0,0,0,0,1,0,0,0,0,0,0,1,0,0,1
1716,0,30,6,34480,1.0,11,10.0,3,10,1,4,3,3,1.0,1.0,3.0,1,1,1,1,1,0,0,0,0,0,1,0,0,0,0,0,1,1,0,0,0,1,0,0,0,0,0,0,0,0,1,0,1,0,0,0,0
2700,0,53,6,28590,3.0,18,32.0,2,5,1,3,3,4,2.0,4.0,3.0,1,1,1,1,1,3,1,0,1,0,0,0,0,0,0,0,1,0,0,0,0,1,0,0,0,0,1,0,0,0,1,0,1,0,1,0,0
3647,0,37,6,29290,1.0,11,8.0,2,8,1,7,3,4,4.0,4.0,4.0,1,1,1,1,1,1,0,0,0,0,0,0,1,0,0,0,1,0,1,0,0,1,0,0,0,0,0,0,0,0,1,0,1,0,0,0,0
1238,0,29,14,31430,2.0,22,10.0,2,0,0,0,4,3,3.0,1.0,1.0,1,1,1,1,1,0,1,0,0,0,0,0,0,1,0,0,1,0,1,0,0,1,0,0,0,0,1,0,0,0,1,0,1,0,0,0,1
72,0,38,22,65830,0.0,12,12.0,1,11,2,9,3,4,4.0,3.0,3.0,1,1,1,1,1,1,1,0,1,0,0,0,0,0,0,0,1,0,0,1,0,0,0,1,0,0,0,0,0,0,0,0,1,0,0,0,0
1601,0,45,6,33190,1.0,12,9.0,3,9,0,8,3,2,4.0,2.0,3.0,1,1,1,1,1,2,1,0,0,0,0,0,0,1,0,0,0,0,0,0,0,1,0,0,0,0,1,0,0,0,1,0,1,0,1,0,0
4099,1,29,5,36910,1.0,6,2.0,3,2,2,2,2,2,1.0,1.0,3.0,1,1,1,1,1,0,1,0,0,0,0,0,1,0,0,0,1,0,1,0,0,0,1,0,0,0,0,0,0,1,0,1,0,1,0,0,0
1404,0,26,7,26930,5.0,17,8.0,3,0,0,0,3,4,3.0,4.0,4.0,1,1,1,1,1,0,1,0,0,0,0,0,0,0,0,0,1,0,0,1,0,0,0,1,0,0,0,1,0,0,0,0,1,0,0,0,1
2728,0,23,18,173280,1.0,17,2.0,2,2,0,2,3,2,3.0,4.0,3.0,1,1,1,1,1,0,0,0,0,0,0,0,1,0,0,0,1,0,0,0,0,1,0,0,0,0,1,0,0,0,0,1,1,0,1,0,0
4337,1,33,12,43020,2.0,11,11.0,3,0,0,0,3,1,4.0,3.0,2.0,1,1,1,1,1,1,1,0,0,0,0,0,0,1,0,0,1,0,1,0,0,1,0,0,0,0,0,0,0,0,0,1,1,0,0,0,0
917,0,34,6,25850,3.0,12,9.0,5,4,0,1,3,4,4.0,3.0,4.0,1,1,1,1,1,1,0,0,1,0,0,0,0,0,0,0,1,0,0,0,0,1,0,0,0,0,0,1,0,0,1,0,1,0,0,0,0
1947,0,38,2,27780,2.0,13,8.0,5,3,1,2,3,3,2.0,3.0,4.0,1,1,1,1,1,1,0,0,0,0,1,0,0,0,0,0,1,0,1,0,0,1,0,0,0,0,0,0,0,0,0,1,1,0,0,0,0
1260,0,49,1,35910,9.0,13,22.0,2,3,1,2,3,3,1.0,4.0,3.0,1,1,1,1,1,2,0,0,0,0,0,0,1,0,0,1,0,0,0,0,0,0,0,1,0,0,1,0,0,0,0,1,1,0,0,0,0
2858,0,31,4,65020,1.0,12,4.0,3,4,0,3,3,4,4.0,4.0,3.0,1,1,1,1,1,1,1,0,0,0,0,0,0,1,0,1,0,1,0,0,0,0,0,0,0,1,1,0,0,0,1,0,1,0,0,0,0
2948,0,26,1,143360,1.0,21,8.0,3,8,0,7,4,4,3.0,4.0,2.0,1,1,1,1,1,0,1,0,0,0,0,0,0,0,1,0,1,0,0,1,0,1,0,0,0,0,1,0,0,0,1,0,1,0,1,0,0
3939,1,44,1,103330,3.0,13,19.0,2,1,0,0,1,2,1.0,1.0,1.0,1,1,1,1,1,2,1,0,0,0,0,0,1,0,0,1,0,1,0,0,0,0,0,1,0,0,1,0,0,0,0,0,1,0,1,0,0
1087,0,56,2,26440,4.0,11,37.0,2,6,0,2,3,3,4.0,3.0,3.0,1,1,1,1,1,3,1,0,0,0,0,0,0,1,0,0,1,0,0,0,0,0,0,1,0,0,1,0,0,0,0,1,0,0,1,0,0
4390,1,58,2,43850,1.0,8,40.0,2,40,15,6,1,1,3.0,4.0,2.0,1,1,1,1,1,3,0,0,0,0,0,0,1,0,0,0,1,1,0,0,0,0,0,1,0,0,0,0,0,0,1,0,0,1,1,0,0
1511,0,42,7,92080,1.0,15,24.0,2,24,14,9,3,2,4.0,3.0,3.0,1,1,1,1,1,2,1,0,0,0,1,0,0,0,0,1,0,0,0,1,0,0,0,1,0,0,0,0,0,0,0,0,1,0,1,0,0
1328,0,50,7,98880,6.0,15,20.0,2,4,1,3,3,3,4.0,3.0,2.0,1,1,1,1,1,2,0,0,1,0,0,0,0,0,0,0,1,0,1,0,0,0,0,1,0,0,0,1,0,0,0,1,1,0,0,0,0
1992,0,27,8,194190,7.0,14,5.0,2,3,0,2,3,3,3.0,1.0,4.0,1,1,1,1,1,0,1,0,0,0,0,0,0,1,0,0,1,0,0,1,0,1,0,0,0,0,0,1,0,0,1,0,0,1,1,0,0
371,0,52,4,29110,2.0,17,26.0,3,9,7,8,3,3,3.0,4.0,4.0,1,1,1,1,1,3,1,0,1,0,0,0,0,0,0,0,1,0,0,1,0,0,0,0,1,0,0,0,0,0,1,0,1,0,0,1,0
1205,0,59,4,198330,3.0,13,7.0,2,1,0,0,3,3,3.0,4.0,3.0,1,1,1,1,1,3,0,0,0,1,0,0,0,0,0,0,1,0,1,0,0,1,0,0,0,0,0,1,0,0,1,0,1,0,0,0,0
3671,0,59,4,198330,3.0,19,7.0,2,1,0,0,3,4,4.0,3.0,3.0,1,1,1,1,1,3,0,0,0,1,0,0,0,0,0,0,1,0,1,0,0,1,0,0,0,0,0,1,0,0,1,0,1,0,0,0,0
2222,0,36,19,61200,0.0,19,10.0,2,9,3,4,3,4,3.0,4.0,4.0,1,1,1,1,1,1,0,0,1,0,0,0,0,0,0,0,1,0,1,0,0,1,0,0,0,0,1,0,0,0,1,0,1,0,0,0,0
15,0,35,6,24380,7.0,16,10.0,5,7,6,2,3,4,4.0,4.0,2.0,1,1,1,1,1,1,1,0,0,0,0,0,0,0,1,0,1,0,0,1,0,1,0,0,0,0,0,0,0,0,0,0,0,1,0,0,0
3568,0,34,1,41980,1.0,14,16.0,2,16,2,10,4,2,4.0,3.0,4.0,1,1,1,1,1,1,1,0,1,0,0,0,0,0,0,0,1,0,0,1,0,0,0,0,1,0,0,0,1,0,0,1,1,0,1,0,0
342,0,28,19,23280,1.0,11,4.0,3,4,0,2,3,2,4.0,3.0,2.0,1,1,1,1,1,0,0,0,0,0,0,0,1,0,0,0,1,0,0,0,1,1,0,0,0,0,0,0,0,0,0,1,0,1,0,1,0
1187,0,49,18,92410,1.0,19,7.0,5,7,1,7,3,4,1.0,2.0,4.0,1,1,1,1,1,2,0,0,0,0,0,0,0,1,0,0,0,0,0,0,0,0,0,0,1,0,1,0,0,0,0,0,1,0,1,0,0
3273,0,45,1,29420,1.0,22,21.0,4,21,8,6,4,2,2.0,2.0,3.0,1,1,1,1,1,2,1,0,0,0,0,1,0,0,0,0,1,0,0,1,0,1,0,0,0,0,0,0,0,0,0,1,1,0,1,0,0
8,0,45,14,79910,0.0,13,21.0,2,20,4,10,3,3,2.0,4.0,4.0,1,1,1,1,1,2,1,0,1,0,0,0,0,0,0,0,1,1,0,0,0,0,0,1,0,0,1,0,0,0,1,0,1,0,0,1,0
2246,0,27,6,164220,1.0,20,6.0,3,6,0,3,4,4,2.0,1.0,3.0,1,1,1,1,1,0,1,0,1,0,0,0,0,0,0,0,1,1,0,0,0,0,0,1,0,0,0,0,0,0,1,0,1,0,1,0,0
1441,0,34,1,53810,1.0,12,10.0,0,10,8,8,3,4,3.0,2.0,3.0,1,1,1,1,1,1,1,0,0,0,0,0,1,0,0,0,1,0,0,0,1,0,0,1,0,0,0,0,0,0,1,0,1,0,0,0,0
494,0,20,5,83920,1.0,17,2.0,5,2,1,2,3,3,3.0,1.0,3.0,1,1,1,1,1,0,1,0,0,0,0,1,0,0,0,0,1,0,1,0,0,0,0,1,0,0,0,0,0,1,0,1,1,0,0,0,0
1426,0,20,14,22930,1.0,13,1.0,3,1,0,0,3,3,4.0,2.0,3.0,1,1,1,1,1,0,0,0,0,0,0,0,0,0,1,0,1,0,0,1,0,0,0,1,0,0,0,0,0,0,0,1,1,0,0,1,0
3616,0,22,2,132690,1.0,13,2.0,2,2,2,2,4,4,4.0,3.0,3.0,1,1,1,1,1,0,1,0,1,0,0,0,0,0,0,0,1,0,1,0,0,0,0,1,0,0,0,0,0,0,1,0,1,0,1,0,0
4406,1,33,13,71400,5.0,17,8.0,2,5,0,4,4,1,4.0,4.0,3.0,1,1,1,1,1,1,1,0,0,0,0,0,1,0,0,0,1,0,0,1,0,0,1,0,0,0,0,0,0,0,1,0,0,1,0,0,0
942,0,32,2,62090,5.0,17,9.0,5,5,1,2,3,2,4.0,4.0,3.0,1,1,1,1,1,1,1,0,0,1,0,0,0,0,0,0,0,0,0,0,0,1,0,0,0,0,0,1,0,0,0,0,1,0,1,0,0
1027,0,34,22,107930,0.0,11,3.0,1,2,1,2,3,4,3.0,3.0,2.0,1,1,1,1,1,1,1,0,1,0,0,0,0,0,0,0,1,0,1,0,0,0,0,0,0,1,0,0,0,0,0,0,1,0,0,0,1
2977,0,46,7,141180,2.0,22,12.0,3,6,1,4,4,3,3.0,2.0,3.0,1,1,1,1,1,2,0,0,0,0,0,0,0,1,0,0,1,0,0,0,0,0,0,1,0,0,0,0,0,0,0,0,0,1,0,0,0
1582,0,42,9,59400,7.0,16,10.0,2,5,0,3,3,4,3.0,3.0,3.0,1,1,1,1,1,2,1,1,0,0,0,0,0,0,0,0,1,0,0,0,0,0,0,0,0,1,1,0,0,0,0,1,0,1,0,0,0
1107,0,22,2,193310,1.0,12,1.0,2,0,0,0,3,4,3.0,2.0,3.0,1,1,1,1,1,0,1,0,0,0,0,0,0,0,1,0,1,0,0,0,0,1,0,0,0,0,0,0,0,0,0,1,1,0,1,0,0
529,0,31,19,38940,1.0,12,10.0,3,10,1,8,3,4,4.0,2.0,3.0,1,1,1,1,1,1,0,0,0,0,0,0,0,1,0,0,1,0,0,0,0,0,1,0,0,0,0,0,0,0,0,1,0,1,0,0,0
140,0,29,6,194310,1.0,11,10.0,3,10,0,7,2,2,3.0,4.0,3.0,1,1,1,1,1,0,0,0,0,0,1,0,0,0,0,0,1,0,1,0,0,0,0,1,0,0,0,1,0,0,1,0,1,0,0,0,0
3292,0,31,2,77560,1.0,15,6.0,3,5,0,2,3,2,3.0,4.0,3.0,1,1,1,1,1,1,1,0,1,0,0,0,0,0,0,0,1,1,0,0,0,1,0,0,0,0,0,1,0,0,1,0,1,0,0,1,0
1793,0,30,2,20960,7.0,11,10.0,2,8,1,7,3,4,4.0,4.0,4.0,1,1,1,1,1,0,1,0,0,0,0,0,1,0,0,0,0,0,0,1,0,0,0,0,1,0,0,0,0,0,0,1,1,0,0,0,1
314,0,37,19,42570,4.0,15,9.0,2,1,0,0,3,4,2.0,3.0,2.0,1,1,1,1,1,1,0,0,1,0,0,0,0,0,0,0,1,1,0,0,0,1,0,0,0,0,0,0,1,0,0,0,0,1,0,0,0
269,0,54,14,49630,9.0,15,9.0,2,5,1,4,3,1,4.0,4.0,2.0,1,1,1,1,1,3,0,0,1,0,0,0,0,0,0,0,1,0,0,1,0,0,0,1,0,0,1,0,0,0,0,0,1,0,1,0,0
896,0,27,13,49980,0.0,20,8.0,3,7,7,3,4,2,4.0,4.0,3.0,1,1,1,1,1,0,1,0,0,0,0,0,0,0,0,1,0,0,0,1,0,0,0,1,0,0,0,1,0,0,1,0,1,0,0,1,0
283,0,47,5,63470,1.0,14,26.0,2,26,3,0,2,3,2.0,4.0,3.0,1,1,1,1,1,2,1,0,0,1,0,0,0,0,0,0,1,0,0,1,0,0,0,0,1,0,1,0,0,0,1,0,1,0,0,0,0
2452,0,40,2,27180,1.0,14,9.0,4,9,4,7,3,3,4.0,4.0,4.0,1,1,1,1,1,1,1,0,0,0,1,0,0,0,0,0,1,0,1,0,0,1,0,0,0,0,0,0,0,0,0,0,1,0,1,0,0
4029,1,33,10,29040,4.0,8,5.0,2,2,2,2,3,1,1.0,2.0,1.0,1,1,1,1,1,1,1,0,0,0,1,0,0,0,0,0,1,1,0,0,0,1,0,0,0,0,0,0,1,0,0,1,1,0,0,0,0
2142,0,26,21,68120,1.0,13,1.0,2,1,1,0,3,4,2.0,3.0,3.0,1,1,1,1,1,0,1,1,0,0,0,0,0,0,0,0,1,1,0,0,0,1,0,0,0,0,1,0,0,0,1,0,1,0,0,0,0
2384,0,27,2,27830,6.0,16,6.0,2,2,2,2,3,3,4.0,3.0,3.0,1,1,1,1,1,0,1,0,0,0,0,0,0,0,0,0,0,0,1,0,0,0,0,1,0,0,0,0,0,0,0,0,1,0,1,0,0
3601,0,30,1,103060,5.0,12,8.0,5,3,2,2,3,4,4.0,4.0,3.0,1,1,1,1,1,0,0,0,0,0,0,0,0,1,0,0,1,0,1,0,0,0,0,1,0,0,0,1,0,0,0,0,1,0,0,0,0
1534,0,27,1,27130,1.0,11,0.0,2,0,0,0,3,4,2.0,4.0,2.0,1,1,1,1,1,0,0,0,0,0,0,0,0,1,0,0,0,0,1,0,0,0,0,0,0,1,0,0,0,0,1,0,0,1,0,0,0
3996,1,20,13,93960,1.0,9,2.0,6,2,0,2,1,1,2.94709236031927,1.0,1.0,1,1,0,1,1,0,1,0,0,0,0,0,0,1,0,0,1,0,1,0,0,0,0,1,0,0,1,0,0,0,0,1,1,0,0,0,0
1952,0,29,4,62440,1.0,22,6.0,3,6,1,3,4,4,2.0,4.0,3.0,1,1,1,1,1,0,0,0,0,0,0,0,1,0,0,1,0,0,0,0,0,0,0,1,0,0,0,0,0,0,0,0,1,0,0,0,0
1847,0,26,2,53040,0.0,20,5.0,2,4,1,1,4,3,4.0,3.0,4.0,1,1,1,1,1,0,1,0,1,0,0,0,0,0,0,0,1,1,0,0,0,0,0,0,1,0,0,1,0,0,0,1,1,0,1,0,0
3460,0,34,1,62320,1.0,14,8.0,3,8,1,7,3,3,4.0,4.0,2.0,1,1,1,1,1,1,0,0,1,0,0,0,0,0,0,0,1,0,1,0,0,0,0,1,0,0,0,0,0,0,1,0,0,1,1,0,0
3591,0,41,14,52080,3.0,21,12.0,2,9,0,7,3,3,2.0,4.0,4.0,1,1,1,1,1,2,1,0,0,0,1,0,0,0,0,0,1,1,0,0,0,0,0,0,1,0,0,0,0,0,0,0,1,0,0,0,1
2164,0,38,2,44900,2.0,21,10.0,1,5,0,3,4,3,4.0,2.0,4.0,1,1,1,1,1,1,0,0,0,0,0,0,0,0,1,0,1,0,0,1,0,1,0,0,0,0,0,0,0,0,0,0,1,0,1,0,0
3861,1,30,12,22070,6.0,6,6.0,4,4,1,2,3,2,4.0,2.0,3.0,1,1,1,1,1,0,0,1,0,0,0,0,0,0,0,1,0,0,1,0,0,1,0,0,0,0,0,0,0,0,0,0,1,0,0,0,0
403,0,27,2,31610,0.0,13,4.0,0,3,2,2,3,4,1.0,2.0,4.0,1,1,1,1,1,0,1,1,0,0,0,0,0,0,0,0,1,0,1,0,0,1,0,0,0,0,1,0,0,0,1,0,1,0,0,1,0
2281,0,27,6,45990,1.0,15,1.0,3,1,0,0,3,3,1.0,3.0,3.0,1,1,1,1,1,0,0,0,0,0,0,0,1,0,0,0,1,1,0,0,0,0,1,0,0,0,0,1,0,0,0,0,0,1,1,0,0
3814,1,39,22,28360,0.0,19,6.0,3,5,0,3,2,3,4.0,1.0,2.0,1,1,1,1,1,1,1,0,1,0,0,0,0,0,0,0,1,1,0,0,0,1,0,0,0,0,1,0,0,0,0,1,1,0,0,0,0
495,0,53,5,40310,3.0,12,26.0,3,7,4,7,3,4,4.0,2.0,4.0,1,1,1,1,1,3,1,0,0,0,0,1,0,0,0,0,1,0,0,1,0,1,0,0,0,0,0,0,0,0,0,0,1,0,1,0,0
1569,0,37,1,62610,1.0,12,10.0,1,10,0,9,3,3,1.0,3.0,4.0,1,1,1,1,1,1,0,0,0,0,0,0,1,0,0,0,0,0,0,0,1,0,0,1,0,0,1,0,0,0,0,1,1,0,0,0,0
1671,0,38,4,63490,2.6948303347756775,11,20.0,3,19,1,9,3,3,2.0,3.0,3.0,0,1,1,1,1,1,1,0,0,0,0,0,0,1,0,0,1,0,1,0,0,0,0,0,0,1,0,0,0,0,1,0,1,0,0,0,0
1560,0,38,18,137340,0.0,13,3.0,3,2,1,2,3,1,1.0,4.0,4.0,1,1,1,1,1,1,1,0,0,0,0,0,0,1,0,0,1,1,0,0,0,0,0,1,0,0,0,0,0,0,1,0,0,1,0,0,0
3781,1,36,8,56600,7.0,3,9.0,3,1,0,0,3,4,1.0,2.0,1.0,1,1,1,1,1,1,0,0,0,0,0,0,1,0,0,0,1,1,0,0,0,1,0,0,0,0,0,0,0,0,0,0,1,0,0,0,0
476,0,34,1,24760,1.0,19,6.0,2,6,1,3,3,4,3.0,1.0,4.0,1,1,1,1,1,1,0,0,1,0,0,0,0,0,0,0,1,0,0,0,0,0,1,0,0,0,1,0,0,0,1,0,0,1,0,0,0
596,0,56,19,32210,4.0,15,33.0,2,19,15,9,3,3,2.0,4.0,4.0,1,1,1,1,1,3,1,0,1,0,0,0,0,0,0,0,1,0,0,1,0,1,0,0,0,0,1,0,0,0,1,0,1,0,0,1,0
3582,0,43,2,24080,1.0,21,25.0,3,25,4,12,3,3,3.0,3.0,4.0,1,1,1,1,1,2,1,0,0,0,0,0,0,1,0,1,0,0,0,1,0,1,0,0,0,0,0,0,0,0,1,0,1,0,1,0,0
2748,0,33,2,59020,0.0,12,14.0,2,13,3,7,3,4,2.0,3.0,4.0,1,1,1,1,1,1,1,0,0,0,1,0,0,0,0,0,1,0,0,1,0,1,0,0,0,0,0,0,1,0,1,0,1,0,1,0,0
3518,0,37,14,20640,4.0,14,8.0,3,1,0,0,3,2,4.0,2.0,4.0,1,1,1,1,1,1,0,0,0,0,0,0,0,1,0,0,1,0,1,0,0,1,0,0,0,0,0,1,0,0,1,0,1,0,0,0,0
3649,0,42,1,78790,2.0,14,11.0,2,5,0,2,3,1,3.0,4.0,3.0,1,1,1,1,1,2,1,0,0,0,0,0,0,1,0,0,0,0,0,0,0,0,0,0,0,1,1,0,0,0,0,0,1,0,1,0,0
1234,0,32,14,193280,1.0,15,5.0,2,5,0,3,3,4,2.0,2.0,4.0,1,1,1,1,1,1,1,0,0,0,0,0,0,1,0,1,0,0,0,1,0,0,0,0,1,0,0,0,1,0,1,0,1,0,0,0,1
2530,0,54,1,29330,3.0,12,20.0,2,4,0,3,3,4,4.0,4.0,3.0,1,1,1,1,1,3,1,0,0,0,0,0,1,0,0,1,0,0,0,1,0,1,0,0,0,0,1,0,0,0,0,1,1,0,0,1,0
310,0,53,5,23250,7.0,18,35.0,1,5,0,4,3,4,4.0,1.0,2.0,1,1,1,1,1,3,1,0,0,0,0,0,0,1,0,0,1,0,1,0,0,0,1,0,0,0,0,0,1,0,1,0,0,1,1,0,0
2441,0,35,15,21450,1.0,13,10.0,6,10,0,8,3,4,2.0,2.0,3.0,1,1,1,1,1,1,0,0,0,0,0,0,0,1,0,1,0,0,1,0,0,1,0,0,0,0,0,0,0,0,0,1,1,0,0,0,0
114,0,40,5,26470,6.0,13,20.0,2,1,0,0,3,3,3.0,3.0,2.0,1,1,1,1,1,1,0,0,1,0,0,0,0,0,0,0,1,1,0,0,0,1,0,0,0,0,0,0,0,0,1,0,0,1,0,0,0
1258,0,38,2,44480,9.0,12,10.0,3,2,1,2,3,2,2.0,3.0,4.0,1,1,1,1,1,1,0,0,0,1,0,0,0,0,0,0,1,0,1,0,0,0,1,0,0,0,0,0,0,0,0,0,0,1,0,0,0
1898,0,29,8,128080,1.0,13,10.0,6,10,0,4,3,3,4.0,2.0,4.0,1,1,1,1,1,0,0,0,0,0,0,0,0,1,0,0,1,1,0,0,0,1,0,0,0,0,0,0,0,0,0,0,0,1,0,0,0
1717,0,40,21,194060,3.0,20,16.0,2,1,0,0,4,4,3.0,4.0,3.0,1,1,1,1,1,1,1,0,0,0,0,0,1,0,0,1,0,0,0,1,0,1,0,0,0,0,1,0,0,0,1,0,1,0,0,0,1
3463,0,32,7,57690,1.0,16,4.0,3,4,1,2,3,1,2.0,3.0,2.0,1,1,1,1,1,1,0,0,0,0,0,0,1,0,0,0,1,0,0,1,0,1,0,0,0,0,1,0,0,0,0,1,0,1,0,0,0
3560,0,46,10,20740,2.0,25,21.0,3,10,9,5,3,3,4.0,4.0,4.0,1,1,1,1,1,2,1,0,1,0,0,0,0,0,0,1,0,0,0,0,0,0,0,1,0,0,0,0,0,0,1,0,1,0,1,0,0
3195,0,46,10,23320,1.0,11,27.0,2,26,0,12,3,3,4.0,3.0,4.0,1,1,1,1,1,2,1,0,1,0,0,0,0,0,0,0,1,0,0,1,0,0,0,0,0,1,0,0,0,0,0,1,1,0,0,0,0
4232,1,58,11,21530,9.0,9,3.0,3,1,0,0,2,2,4.0,4.0,3.0,1,1,1,1,1,3,1,0,0,0,0,0,0,1,0,1,0,1,0,0,0,0,0,0,0,1,0,0,0,0,0,0,0,1,0,0,0
2403,0,50,15,31950,2.0,11,5.0,4,3,0,2,3,3,1.0,4.0,4.0,1,1,1,1,1,2,1,0,0,0,0,0,0,1,0,0,1,0,0,1,0,0,1,0,0,0,0,1,0,0,1,0,0,1,0,0,0
3094,0,34,2,26860,5.0,11,10.0,3,4,1,3,3,2,3.0,4.0,3.0,1,1,1,1,1,1,0,0,0,1,0,0,0,0,0,1,0,0,0,0,0,0,1,0,0,0,0,0,0,1,0,0,0,1,0,0,0
2168,0,28,17,79780,1.0,16,5.0,2,5,1,4,3,4,4.0,3.0,4.0,1,1,1,1,1,0,1,0,0,0,0,0,1,0,0,0,0,0,0,0,0,0,0,1,0,0,0,1,0,0,0,1,1,0,0,1,0
1278,0,31,6,132250,3.0,21,9.0,2,2,1,0,4,3,3.0,2.0,4.0,1,1,1,1,1,1,1,0,0,0,0,0,0,1,0,0,1,0,0,1,0,0,1,0,0,0,1,0,0,0,1,0,0,1,1,0,0
3452,0,44,6,26100,6.0,19,6.0,2,4,1,2,3,2,4.0,4.0,4.0,1,1,1,1,1,2,0,0,0,0,0,0,0,0,1,0,1,0,0,0,0,1,0,0,0,0,0,0,0,0,0,1,1,0,0,0,0
3349,0,29,5,41150,1.0,13,11.0,1,11,3,10,3,4,3.0,3.0,4.0,1,1,1,1,1,0,1,1,0,0,0,0,0,0,0,1,0,1,0,0,0,0,0,1,0,0,0,0,0,0,1,0,1,0,0,0,0
4010,1,30,2,40000,4.0,4,7.0,5,5,0,1,3,3,2.0,2.0,3.0,1,1,1,1,1,0,1,0,0,0,0,0,0,0,0,0,1,0,1,0,0,1,0,0,0,0,1,0,0,0,1,0,0,1,0,0,0
648,0,44,4,23190,3.0,18,7.0,4,5,0,3,3,3,4.0,4.0,3.0,1,1,1,1,1,2,1,0,1,0,0,0,0,0,0,0,0,0,1,0,0,1,0,0,0,0,0,0,0,0,0,1,1,0,0,0,0
2755,0,32,2,171810,1.0,14,14.0,2,14,6,8,3,2,3.0,3.0,3.0,1,1,1,1,1,1,1,0,0,0,1,0,0,0,0,0,1,0,0,0,0,0,0,1,0,0,1,0,0,0,1,0,1,0,0,0,0
3478,0,39,2,47790,4.0,20,9.0,3,7,1,7,3,3,4.0,3.0,4.0,1,1,1,1,1,1,0,0,0,0,0,0,1,0,0,0,1,0,0,0,0,0,0,1,0,0,0,0,0,0,1,0,1,0,0,1,0
2420,0,49,18,92410,1.0,19,7.0,5,7,1,7,3,1,2.0,4.0,4.0,1,1,1,1,1,2,0,0,0,0,0,0,0,1,0,0,0,0,0,0,0,0,0,0,1,0,1,0,0,0,0,0,1,0,1,0,0
2910,0,28,1,63470,1.0,15,4.0,2,4,2,2,3,3,3.0,3.0,4.0,1,1,1,1,1,0,1,0,0,0,0,0,1,0,0,0,1,0,0,0,0,0,0,0,0,0,1,0,0,0,0,0,0,0,1,0,0
636,0,24,4,43350,1.0,15,5.0,5,5,0,3,3,4,4.0,4.0,3.0,1,1,1,1,1,0,1,0,0,0,1,0,0,0,0,0,1,0,0,0,0,0,0,0,1,0,0,0,0,0,1,0,1,0,1,0,0
4327,1,23,7,49690,1.0,5,5.0,3,5,1,2,2,1,3.0,3.0,2.0,1,1,1,1,1,0,0,0,1,0,0,0,0,0,0,0,1,0,1,0,0,1,0,0,0,0,0,1,0,0,0,1,0,0,0,0,0
1131,0,45,2,57680,5.0,23,9.0,4,6,0,3,4,4,4.0,3.0,3.0,1,1,1,1,1,2,0,0,0,0,0,0,0,0,0,0,1,0,0,0,0,0,0,0,0,1,1,0,0,0,0,1,1,0,1,0,0
3344,0,18,2,186060,1.0,15,0.0,4,0,0,0,4,1,4.0,4.0,3.0,1,1,1,1,1,0,1,0,0,0,0,0,0,0,1,0,0,0,1,0,0,1,0,0,0,0,0,1,0,0,0,1,1,0,0,1,0
4083,1,38,2,49080,4.0,14,7.0,3,5,1,4,2,1,2.0,1.0,2.0,1,1,1,1,1,1,0,0,0,0,0,0,0,1,0,0,1,0,1,0,0,0,0,1,0,0,0,1,0,0,1,0,1,0,1,0,0
1977,0,28,18,46010,0.0,15,6.0,2,5,0,0,3,1,3.0,3.0,4.0,1,1,1,1,1,0,1,0,0,0,1,0,0,0,0,0,1,0,1,0,0,1,0,0,0,0,0,1,0,0,0,0,1,0,0,1,0
3197,0,50,2,42940,2.0,20,32.0,2,30,12,13,4,4,4.0,3.0,4.0,1,1,1,1,1,2,1,0,0,0,0,0,1,0,0,1,0,0,1,0,0,0,0,0,1,0,1,0,0,0,1,0,1,0,0,0,0
3248,0,47,1,183030,6.0,22,29.0,2,3,1,2,4,4,2.0,4.0,4.0,1,1,1,1,1,2,1,0,1,0,0,0,0,0,0,0,1,0,0,1,0,0,0,1,0,0,0,1,0,0,0,0,1,0,1,0,0
